Transaction ID,Date,Customer ID,Gender,Age,Product Category,Quantity,Price per Unit,Total Amount,Weekday,YearMonth,Days Since Last Purchase,Discount Applied
1,2023-11-24,CUST001,Male,34,Beauty,3,50,150,Friday,2023-11,38,False
2,2023-02-27,CUST002,Female,26,Clothing,2,500,1000,Monday,2023-02,308,False
3,2023-01-13,CUST003,Male,50,Electronics,1,30,30,Friday,2023-01,353,True
4,2023-05-21,CUST004,Male,37,Clothing,1,500,500,Sunday,2023-05,225,False
5,2023-05-06,CUST005,Male,30,Beauty,2,50,100,Saturday,2023-05,240,False
6,2023-04-25,CUST006,Female,45,Beauty,1,30,30,Tuesday,2023-04,251,True
7,2023-03-13,CUST007,Male,46,Clothing,2,25,50,Monday,2023-03,294,True
8,2023-02-22,CUST008,Male,30,Electronics,4,25,100,Wednesday,2023-02,313,True
9,2023-12-13,CUST009,Male,63,Electronics,2,300,600,Wednesday,2023-12,19,False
10,2023-10-07,CUST010,Female,52,Clothing,4,50,200,Saturday,2023-10,86,False
11,2023-02-14,CUST011,Male,23,Clothing,2,50,100,Tuesday,2023-02,321,False
12,2023-10-30,CUST012,Male,35,Beauty,3,25,75,Monday,2023-10,63,True
13,2023-08-05,CUST013,Male,22,Electronics,3,500,1500,Saturday,2023-08,149,False
14,2023-01-17,CUST014,Male,64,Clothing,4,30,120,Tuesday,2023-01,349,True
15,2023-01-16,CUST015,Female,42,Electronics,4,500,2000,Monday,2023-01,350,False
16,2023-02-17,CUST016,Male,19,Clothing,3,500,1500,Friday,2023-02,318,False
17,2023-04-22,CUST017,Female,27,Clothing,4,25,100,Saturday,2023-04,254,True
18,2023-04-30,CUST018,Female,47,Electronics,2,25,50,Sunday,2023-04,246,True
19,2023-09-16,CUST019,Female,62,Clothing,2,25,50,Saturday,2023-09,107,True
20,2023-11-05,CUST020,Male,22,Clothing,3,300,900,Sunday,2023-11,57,False
21,2023-01-14,CUST021,Female,50,Beauty,1,500,500,Saturday,2023-01,352,False
22,2023-10-15,CUST022,Male,18,Clothing,2,50,100,Sunday,2023-10,78,False
23,2023-04-12,CUST023,Female,35,Clothing,4,30,120,Wednesday,2023-04,264,True
24,2023-11-29,CUST024,Female,49,Clothing,1,300,300,Wednesday,2023-11,33,False
25,2023-12-26,CUST025,Female,64,Beauty,1,50,50,Tuesday,2023-12,6,False
26,2023-10-07,CUST026,Female,28,Electronics,2,500,1000,Saturday,2023-10,86,False
27,2023-08-03,CUST027,Female,38,Beauty,2,25,50,Thursday,2023-08,151,True
28,2023-04-23,CUST028,Female,43,Beauty,1,500,500,Sunday,2023-04,253,False
29,2023-08-18,CUST029,Female,42,Electronics,1,30,30,Friday,2023-08,136,True
30,2023-10-29,CUST030,Female,39,Beauty,3,300,900,Sunday,2023-10,64,False
31,2023-05-23,CUST031,Male,44,Electronics,4,300,1200,Tuesday,2023-05,223,False
32,2023-01-04,CUST032,Male,30,Beauty,3,30,90,Wednesday,2023-01,362,True
33,2023-03-23,CUST033,Female,50,Electronics,2,50,100,Thursday,2023-03,284,False
34,2023-12-24,CUST034,Female,51,Clothing,3,50,150,Sunday,2023-12,8,False
35,2023-08-05,CUST035,Female,58,Beauty,3,300,900,Saturday,2023-08,149,False
36,2023-06-24,CUST036,Male,52,Beauty,3,300,900,Saturday,2023-06,191,False
37,2023-05-23,CUST037,Female,18,Beauty,3,25,75,Tuesday,2023-05,223,True
38,2023-03-21,CUST038,Male,38,Beauty,4,50,200,Tuesday,2023-03,286,False
39,2023-04-21,CUST039,Male,23,Clothing,4,30,120,Friday,2023-04,255,True
40,2023-06-22,CUST040,Male,45,Beauty,1,50,50,Thursday,2023-06,193,False
41,2023-02-22,CUST041,Male,34,Clothing,2,25,50,Wednesday,2023-02,313,True
42,2023-02-17,CUST042,Male,22,Clothing,3,300,900,Friday,2023-02,318,False
43,2023-07-14,CUST043,Female,48,Clothing,1,300,300,Friday,2023-07,171,False
44,2023-02-19,CUST044,Female,22,Clothing,1,25,25,Sunday,2023-02,316,True
45,2023-07-03,CUST045,Female,55,Electronics,1,30,30,Monday,2023-07,182,True
46,2023-06-26,CUST046,Female,20,Electronics,4,300,1200,Monday,2023-06,189,False
47,2023-11-06,CUST047,Female,40,Beauty,3,500,1500,Monday,2023-11,56,False
48,2023-05-16,CUST048,Male,54,Electronics,3,300,900,Tuesday,2023-05,230,False
49,2023-01-23,CUST049,Female,54,Electronics,2,500,1000,Monday,2023-01,343,False
50,2023-08-24,CUST050,Female,27,Beauty,3,25,75,Thursday,2023-08,130,True
51,2023-10-02,CUST051,Male,27,Beauty,3,25,75,Monday,2023-10,91,True
52,2023-03-05,CUST052,Female,36,Beauty,1,300,300,Sunday,2023-03,302,False
53,2023-07-13,CUST053,Male,34,Electronics,2,50,100,Thursday,2023-07,172,False
54,2023-02-10,CUST054,Female,38,Electronics,3,500,1500,Friday,2023-02,325,False
55,2023-10-10,CUST055,Male,31,Beauty,4,30,120,Tuesday,2023-10,83,True
56,2023-05-31,CUST056,Female,26,Clothing,3,300,900,Wednesday,2023-05,215,False
57,2023-11-18,CUST057,Female,63,Beauty,1,30,30,Saturday,2023-11,44,True
58,2023-11-13,CUST058,Male,18,Clothing,4,300,1200,Monday,2023-11,49,False
59,2023-07-05,CUST059,Male,62,Clothing,1,50,50,Wednesday,2023-07,180,False
60,2023-10-23,CUST060,Male,30,Beauty,3,50,150,Monday,2023-10,70,False
61,2023-04-09,CUST061,Male,21,Beauty,4,50,200,Sunday,2023-04,267,False
62,2023-12-27,CUST062,Male,18,Beauty,2,50,100,Wednesday,2023-12,5,False
63,2023-02-05,CUST063,Male,57,Electronics,2,25,50,Sunday,2023-02,330,True
64,2023-01-24,CUST064,Male,49,Clothing,4,25,100,Tuesday,2023-01,342,True
65,2023-12-05,CUST065,Male,51,Electronics,4,500,2000,Tuesday,2023-12,27,False
66,2023-04-27,CUST066,Female,45,Electronics,1,30,30,Thursday,2023-04,249,True
67,2023-05-29,CUST067,Female,48,Beauty,4,300,1200,Monday,2023-05,217,False
68,2023-02-10,CUST068,Male,25,Electronics,1,300,300,Friday,2023-02,325,False
69,2023-04-30,CUST069,Female,56,Beauty,3,25,75,Sunday,2023-04,246,True
70,2023-02-21,CUST070,Female,43,Clothing,1,300,300,Tuesday,2023-02,314,False
71,2023-07-14,CUST071,Female,51,Beauty,4,25,100,Friday,2023-07,171,True
72,2023-05-23,CUST072,Female,20,Electronics,4,500,2000,Tuesday,2023-05,223,False
73,2023-08-21,CUST073,Male,29,Electronics,3,30,90,Monday,2023-08,133,True
74,2023-11-22,CUST074,Female,18,Beauty,4,500,2000,Wednesday,2023-11,40,False
75,2023-07-06,CUST075,Male,61,Beauty,4,50,200,Thursday,2023-07,179,False
76,2023-03-25,CUST076,Female,22,Electronics,2,50,100,Saturday,2023-03,282,False
77,2023-07-09,CUST077,Female,47,Clothing,2,50,100,Sunday,2023-07,176,False
78,2023-07-01,CUST078,Female,47,Clothing,3,500,1500,Saturday,2023-07,184,False
79,2023-04-18,CUST079,Male,34,Beauty,1,300,300,Tuesday,2023-04,258,False
80,2023-12-10,CUST080,Female,64,Clothing,2,30,60,Sunday,2023-12,22,True
81,2023-05-17,CUST081,Male,40,Electronics,1,50,50,Wednesday,2023-05,229,False
82,2023-12-26,CUST082,Female,32,Beauty,4,50,200,Tuesday,2023-12,6,False
83,2023-12-16,CUST083,Male,54,Electronics,2,50,100,Saturday,2023-12,16,False
84,2023-11-28,CUST084,Female,38,Electronics,3,30,90,Tuesday,2023-11,34,True
85,2023-02-06,CUST085,Male,31,Clothing,3,50,150,Monday,2023-02,329,False
86,2023-11-08,CUST086,Male,19,Beauty,3,30,90,Wednesday,2023-11,54,True
87,2023-11-22,CUST087,Female,28,Beauty,2,50,100,Wednesday,2023-11,40,False
88,2023-03-29,CUST088,Male,56,Clothing,1,500,500,Wednesday,2023-03,278,False
89,2023-10-01,CUST089,Female,55,Electronics,4,500,2000,Sunday,2023-10,92,False
90,2023-05-06,CUST090,Female,51,Electronics,1,30,30,Saturday,2023-05,240,True
91,2023-03-25,CUST091,Female,55,Electronics,1,500,500,Saturday,2023-03,282,False
92,2023-08-25,CUST092,Female,51,Electronics,4,30,120,Friday,2023-08,129,True
93,2023-07-14,CUST093,Female,35,Beauty,4,500,2000,Friday,2023-07,171,False
94,2023-05-19,CUST094,Female,47,Beauty,2,500,1000,Friday,2023-05,227,False
95,2023-11-24,CUST095,Female,32,Clothing,2,30,60,Friday,2023-11,38,True
96,2023-12-19,CUST096,Female,44,Clothing,2,300,600,Tuesday,2023-12,13,False
97,2023-10-13,CUST097,Female,51,Beauty,2,500,1000,Friday,2023-10,80,False
98,2023-04-23,CUST098,Female,55,Beauty,2,50,100,Sunday,2023-04,253,False
99,2023-12-17,CUST099,Female,50,Electronics,4,300,1200,Sunday,2023-12,15,False
100,2023-06-16,CUST100,Male,41,Electronics,1,30,30,Friday,2023-06,199,True
101,2023-01-29,CUST101,Male,32,Clothing,2,300,600,Sunday,2023-01,337,False
102,2023-04-28,CUST102,Female,47,Beauty,2,25,50,Friday,2023-04,248,True
103,2023-01-17,CUST103,Female,59,Clothing,1,25,25,Tuesday,2023-01,349,True
104,2023-06-11,CUST104,Female,34,Beauty,2,500,1000,Sunday,2023-06,204,False
105,2023-07-25,CUST105,Female,22,Electronics,1,500,500,Tuesday,2023-07,160,False
106,2023-05-18,CUST106,Female,46,Clothing,1,50,50,Thursday,2023-05,228,False
107,2023-02-03,CUST107,Female,21,Clothing,4,300,1200,Friday,2023-02,332,False
108,2023-04-19,CUST108,Female,27,Beauty,3,25,75,Wednesday,2023-04,257,True
109,2023-10-18,CUST109,Female,34,Electronics,4,500,2000,Wednesday,2023-10,75,False
110,2023-06-11,CUST110,Male,27,Clothing,3,300,900,Sunday,2023-06,204,False
111,2023-04-19,CUST111,Female,34,Electronics,3,500,1500,Wednesday,2023-04,257,False
112,2023-12-02,CUST112,Male,37,Clothing,3,500,1500,Saturday,2023-12,30,False
113,2023-09-13,CUST113,Female,41,Electronics,2,25,50,Wednesday,2023-09,110,True
114,2023-07-22,CUST114,Female,22,Beauty,4,25,100,Saturday,2023-07,163,True
115,2023-11-26,CUST115,Male,51,Clothing,3,500,1500,Sunday,2023-11,36,False
116,2023-08-23,CUST116,Female,23,Clothing,1,30,30,Wednesday,2023-08,131,True
117,2023-03-15,CUST117,Male,19,Electronics,2,500,1000,Wednesday,2023-03,292,False
118,2023-05-16,CUST118,Female,30,Electronics,4,500,2000,Tuesday,2023-05,230,False
119,2023-03-13,CUST119,Female,60,Clothing,3,50,150,Monday,2023-03,294,False
120,2023-05-07,CUST120,Male,60,Beauty,1,50,50,Sunday,2023-05,239,False
121,2023-10-15,CUST121,Female,28,Electronics,4,50,200,Sunday,2023-10,78,False
122,2023-10-03,CUST122,Male,64,Electronics,4,30,120,Tuesday,2023-10,90,True
123,2023-05-15,CUST123,Female,40,Electronics,2,30,60,Monday,2023-05,231,True
124,2023-10-27,CUST124,Male,33,Clothing,4,500,2000,Friday,2023-10,66,False
125,2023-08-08,CUST125,Male,48,Clothing,2,50,100,Tuesday,2023-08,146,False
126,2023-10-26,CUST126,Female,28,Clothing,3,30,90,Thursday,2023-10,67,True
127,2023-07-24,CUST127,Female,33,Clothing,2,25,50,Monday,2023-07,161,True
128,2023-07-05,CUST128,Male,25,Beauty,1,500,500,Wednesday,2023-07,180,False
129,2023-04-23,CUST129,Female,21,Beauty,2,300,600,Sunday,2023-04,253,False
130,2023-03-12,CUST130,Female,57,Clothing,1,500,500,Sunday,2023-03,295,False
131,2023-09-18,CUST131,Female,21,Beauty,2,300,600,Monday,2023-09,105,False
132,2023-09-10,CUST132,Male,42,Electronics,4,50,200,Sunday,2023-09,113,False
133,2023-02-16,CUST133,Male,20,Electronics,3,300,900,Thursday,2023-02,319,False
134,2023-01-25,CUST134,Male,49,Electronics,1,50,50,Wednesday,2023-01,341,False
135,2023-02-26,CUST135,Male,20,Clothing,2,25,50,Sunday,2023-02,309,True
136,2023-03-20,CUST136,Male,44,Electronics,2,300,600,Monday,2023-03,287,False
137,2023-11-18,CUST137,Male,46,Beauty,2,500,1000,Saturday,2023-11,44,False
138,2023-03-23,CUST138,Male,49,Clothing,4,50,200,Thursday,2023-03,284,False
139,2023-12-15,CUST139,Male,36,Beauty,4,500,2000,Friday,2023-12,17,False
140,2023-08-05,CUST140,Male,38,Electronics,1,30,30,Saturday,2023-08,149,True
141,2023-11-02,CUST141,Female,22,Electronics,1,50,50,Thursday,2023-11,60,False
142,2023-02-02,CUST142,Male,35,Electronics,4,300,1200,Thursday,2023-02,333,False
143,2023-07-17,CUST143,Female,45,Clothing,1,50,50,Monday,2023-07,168,False
144,2023-07-15,CUST144,Female,59,Beauty,3,500,1500,Saturday,2023-07,170,False
145,2023-11-02,CUST145,Female,39,Clothing,3,25,75,Thursday,2023-11,60,True
146,2023-08-28,CUST146,Male,38,Clothing,4,50,200,Monday,2023-08,126,False
147,2023-09-28,CUST147,Male,23,Electronics,1,300,300,Thursday,2023-09,95,False
148,2023-05-09,CUST148,Male,18,Clothing,2,30,60,Tuesday,2023-05,237,True
149,2023-10-11,CUST149,Male,22,Clothing,3,25,75,Wednesday,2023-10,82,True
150,2023-01-06,CUST150,Female,58,Electronics,4,30,120,Friday,2023-01,360,True
151,2023-12-15,CUST151,Male,29,Clothing,1,50,50,Friday,2023-12,17,False
152,2023-02-28,CUST152,Male,43,Electronics,4,500,2000,Tuesday,2023-02,307,False
153,2023-12-16,CUST153,Male,63,Electronics,2,500,1000,Saturday,2023-12,16,False
154,2023-10-02,CUST154,Male,51,Electronics,3,300,900,Monday,2023-10,91,False
155,2023-05-17,CUST155,Male,31,Electronics,4,500,2000,Wednesday,2023-05,229,False
156,2023-11-25,CUST156,Female,43,Clothing,4,25,100,Saturday,2023-11,37,True
157,2023-06-24,CUST157,Male,62,Electronics,4,500,2000,Saturday,2023-06,191,False
158,2023-02-27,CUST158,Female,44,Electronics,2,300,600,Monday,2023-02,308,False
159,2023-05-31,CUST159,Male,26,Clothing,4,50,200,Wednesday,2023-05,215,False
160,2023-08-11,CUST160,Female,43,Clothing,2,50,100,Friday,2023-08,143,False
161,2023-03-22,CUST161,Male,64,Beauty,2,500,1000,Wednesday,2023-03,285,False
162,2023-08-21,CUST162,Male,39,Clothing,2,30,60,Monday,2023-08,133,True
163,2023-01-02,CUST163,Female,64,Clothing,3,50,150,Monday,2023-01,364,False
164,2023-05-15,CUST164,Female,47,Beauty,3,500,1500,Monday,2023-05,231,False
165,2023-09-14,CUST165,Female,60,Clothing,4,300,1200,Thursday,2023-09,109,False
166,2023-04-02,CUST166,Male,34,Clothing,4,500,2000,Sunday,2023-04,274,False
167,2023-09-17,CUST167,Female,43,Clothing,3,50,150,Sunday,2023-09,106,False
168,2023-02-24,CUST168,Male,53,Clothing,1,300,300,Friday,2023-02,311,False
169,2023-11-17,CUST169,Male,18,Beauty,3,500,1500,Friday,2023-11,45,False
170,2023-06-02,CUST170,Female,25,Clothing,2,25,50,Friday,2023-06,213,True
171,2023-11-24,CUST171,Female,52,Clothing,3,300,900,Friday,2023-11,38,False
172,2023-09-17,CUST172,Male,32,Beauty,2,25,50,Sunday,2023-09,106,True
173,2023-11-08,CUST173,Male,64,Electronics,4,30,120,Wednesday,2023-11,54,True
174,2023-04-12,CUST174,Female,39,Beauty,1,300,300,Wednesday,2023-04,264,False
175,2023-03-20,CUST175,Female,31,Electronics,4,25,100,Monday,2023-03,287,True
176,2023-07-11,CUST176,Female,43,Beauty,2,50,100,Tuesday,2023-07,174,False
177,2023-03-24,CUST177,Male,45,Beauty,2,50,100,Friday,2023-03,283,False
178,2023-10-04,CUST178,Male,40,Clothing,2,30,60,Wednesday,2023-10,89,True
179,2023-09-29,CUST179,Male,31,Electronics,1,300,300,Friday,2023-09,94,False
180,2023-01-01,CUST180,Male,41,Clothing,3,300,900,Sunday,2023-01,365,False
181,2023-11-03,CUST181,Male,19,Electronics,4,300,1200,Friday,2023-11,59,False
182,2023-06-15,CUST182,Male,62,Beauty,4,30,120,Thursday,2023-06,200,True
183,2023-09-08,CUST183,Female,43,Beauty,3,300,900,Friday,2023-09,115,False
184,2023-01-10,CUST184,Male,31,Electronics,4,50,200,Tuesday,2023-01,356,False
185,2023-02-27,CUST185,Male,24,Clothing,1,25,25,Monday,2023-02,308,True
186,2023-07-05,CUST186,Male,20,Clothing,4,50,200,Wednesday,2023-07,180,False
187,2023-06-07,CUST187,Female,64,Clothing,2,50,100,Wednesday,2023-06,208,False
188,2023-05-03,CUST188,Male,40,Clothing,3,25,75,Wednesday,2023-05,243,True
189,2023-01-30,CUST189,Male,63,Beauty,1,50,50,Monday,2023-01,336,False
190,2023-05-04,CUST190,Female,60,Beauty,3,30,90,Thursday,2023-05,242,True
191,2023-10-18,CUST191,Male,64,Beauty,1,25,25,Wednesday,2023-10,75,True
192,2023-02-10,CUST192,Male,62,Beauty,2,50,100,Friday,2023-02,325,False
193,2023-02-13,CUST193,Male,35,Beauty,3,500,1500,Monday,2023-02,322,False
194,2023-09-06,CUST194,Male,55,Clothing,4,50,200,Wednesday,2023-09,117,False
195,2023-02-05,CUST195,Male,52,Clothing,1,30,30,Sunday,2023-02,330,True
196,2023-09-30,CUST196,Female,32,Clothing,3,300,900,Saturday,2023-09,93,False
197,2023-03-06,CUST197,Female,42,Clothing,4,50,200,Monday,2023-03,301,False
198,2023-03-07,CUST198,Female,54,Beauty,3,300,900,Tuesday,2023-03,300,False
199,2023-12-04,CUST199,Male,45,Beauty,3,500,1500,Monday,2023-12,28,False
200,2023-09-01,CUST200,Male,27,Beauty,3,50,150,Friday,2023-09,122,False
201,2023-10-09,CUST201,Male,56,Electronics,1,25,25,Monday,2023-10,84,True
202,2023-03-26,CUST202,Female,34,Clothing,4,300,1200,Sunday,2023-03,281,False
203,2023-05-16,CUST203,Male,56,Clothing,2,500,1000,Tuesday,2023-05,230,False
204,2023-09-28,CUST204,Male,39,Beauty,1,25,25,Thursday,2023-09,95,True
205,2023-11-07,CUST205,Female,43,Clothing,1,25,25,Tuesday,2023-11,55,True
206,2023-08-05,CUST206,Male,61,Clothing,1,25,25,Saturday,2023-08,149,True
207,2023-04-19,CUST207,Female,42,Beauty,2,25,50,Wednesday,2023-04,257,True
208,2023-10-04,CUST208,Female,34,Electronics,4,50,200,Wednesday,2023-10,89,False
209,2023-12-20,CUST209,Female,30,Electronics,4,50,200,Wednesday,2023-12,12,False
210,2023-04-13,CUST210,Male,37,Electronics,4,50,200,Thursday,2023-04,263,False
211,2024-01-01,CUST211,Male,42,Beauty,3,500,1500,Monday,2024-01,0,False
212,2023-06-09,CUST212,Male,21,Clothing,3,500,1500,Friday,2023-06,206,False
213,2023-07-24,CUST213,Male,27,Beauty,3,500,1500,Monday,2023-07,161,False
214,2023-12-10,CUST214,Male,20,Beauty,2,30,60,Sunday,2023-12,22,True
215,2023-11-29,CUST215,Male,58,Clothing,3,500,1500,Wednesday,2023-11,33,False
216,2023-07-11,CUST216,Male,62,Electronics,2,50,100,Tuesday,2023-07,174,False
217,2023-08-13,CUST217,Female,35,Electronics,4,50,200,Sunday,2023-08,141,False
218,2023-09-22,CUST218,Male,64,Beauty,3,30,90,Friday,2023-09,101,True
219,2023-08-20,CUST219,Female,53,Electronics,3,30,90,Sunday,2023-08,134,True
220,2023-03-03,CUST220,Male,64,Beauty,1,500,500,Friday,2023-03,304,False
221,2023-05-07,CUST221,Male,39,Beauty,2,300,600,Sunday,2023-05,239,False
222,2023-04-26,CUST222,Male,51,Clothing,4,30,120,Wednesday,2023-04,250,True
223,2023-02-02,CUST223,Female,64,Clothing,1,25,25,Thursday,2023-02,333,True
224,2023-06-23,CUST224,Female,25,Clothing,1,50,50,Friday,2023-06,192,False
225,2023-01-11,CUST225,Female,57,Beauty,4,25,100,Wednesday,2023-01,355,True
226,2023-10-29,CUST226,Female,61,Clothing,1,50,50,Sunday,2023-10,64,False
227,2023-10-11,CUST227,Male,36,Electronics,2,50,100,Wednesday,2023-10,82,False
228,2023-04-28,CUST228,Female,59,Electronics,2,30,60,Friday,2023-04,248,True
229,2023-10-29,CUST229,Male,58,Beauty,3,30,90,Sunday,2023-10,64,True
230,2023-04-23,CUST230,Male,54,Beauty,1,25,25,Sunday,2023-04,253,True
231,2023-01-04,CUST231,Female,23,Clothing,3,50,150,Wednesday,2023-01,362,False
232,2023-02-06,CUST232,Female,43,Beauty,1,25,25,Monday,2023-02,329,True
233,2023-12-29,CUST233,Female,51,Beauty,2,300,600,Friday,2023-12,3,False
234,2023-11-20,CUST234,Female,62,Electronics,2,25,50,Monday,2023-11,42,True
235,2023-01-31,CUST235,Female,23,Electronics,2,500,1000,Tuesday,2023-01,335,False
236,2023-04-28,CUST236,Female,54,Clothing,1,25,25,Friday,2023-04,248,True
237,2023-02-04,CUST237,Female,50,Beauty,2,500,1000,Saturday,2023-02,331,False
238,2023-01-17,CUST238,Female,39,Beauty,1,500,500,Tuesday,2023-01,349,False
239,2023-06-19,CUST239,Male,38,Electronics,3,500,1500,Monday,2023-06,196,False
240,2023-02-06,CUST240,Female,23,Beauty,1,300,300,Monday,2023-02,329,False
241,2023-09-21,CUST241,Female,23,Electronics,3,25,75,Thursday,2023-09,102,True
242,2023-05-02,CUST242,Male,21,Clothing,1,25,25,Tuesday,2023-05,244,True
243,2023-05-23,CUST243,Female,47,Electronics,3,300,900,Tuesday,2023-05,223,False
244,2023-12-09,CUST244,Male,28,Beauty,2,50,100,Saturday,2023-12,23,False
245,2023-09-06,CUST245,Male,47,Clothing,3,30,90,Wednesday,2023-09,117,True
246,2023-04-20,CUST246,Female,48,Electronics,2,25,50,Thursday,2023-04,256,True
247,2023-10-04,CUST247,Male,41,Electronics,2,30,60,Wednesday,2023-10,89,True
248,2023-03-09,CUST248,Male,26,Clothing,3,300,900,Thursday,2023-03,298,False
249,2023-10-20,CUST249,Male,20,Clothing,1,50,50,Friday,2023-10,73,False
250,2023-10-23,CUST250,Male,48,Electronics,1,50,50,Monday,2023-10,70,False
251,2023-08-31,CUST251,Female,57,Beauty,4,50,200,Thursday,2023-08,123,False
252,2023-05-05,CUST252,Male,54,Electronics,1,300,300,Friday,2023-05,241,False
253,2023-08-31,CUST253,Female,53,Clothing,4,500,2000,Thursday,2023-08,123,False
254,2023-07-28,CUST254,Male,41,Electronics,1,500,500,Friday,2023-07,157,False
255,2023-04-08,CUST255,Male,48,Clothing,1,30,30,Saturday,2023-04,268,True
256,2023-02-18,CUST256,Male,23,Clothing,2,500,1000,Saturday,2023-02,317,False
257,2023-02-19,CUST257,Male,19,Beauty,4,500,2000,Sunday,2023-02,316,False
258,2023-12-04,CUST258,Female,37,Clothing,1,50,50,Monday,2023-12,28,False
259,2023-08-09,CUST259,Female,45,Clothing,4,50,200,Wednesday,2023-08,145,False
260,2023-07-01,CUST260,Male,28,Beauty,2,30,60,Saturday,2023-07,184,True
261,2023-08-05,CUST261,Male,21,Clothing,2,25,50,Saturday,2023-08,149,True
262,2023-07-30,CUST262,Female,32,Beauty,4,30,120,Sunday,2023-07,155,True
263,2023-08-28,CUST263,Male,23,Beauty,2,30,60,Monday,2023-08,126,True
264,2023-01-28,CUST264,Male,47,Clothing,3,300,900,Saturday,2023-01,338,False
265,2023-12-11,CUST265,Male,55,Clothing,3,300,900,Monday,2023-12,21,False
266,2023-12-01,CUST266,Female,19,Electronics,2,30,60,Friday,2023-12,31,True
267,2023-11-27,CUST267,Female,32,Beauty,3,30,90,Monday,2023-11,35,True
268,2023-02-20,CUST268,Female,28,Electronics,1,30,30,Monday,2023-02,315,True
269,2023-02-01,CUST269,Male,25,Clothing,4,500,2000,Wednesday,2023-02,334,False
270,2023-07-26,CUST270,Male,43,Electronics,1,300,300,Wednesday,2023-07,159,False
271,2023-06-23,CUST271,Female,62,Beauty,4,30,120,Friday,2023-06,192,True
272,2023-02-25,CUST272,Female,61,Electronics,2,50,100,Saturday,2023-02,310,False
273,2023-05-08,CUST273,Female,22,Beauty,1,50,50,Monday,2023-05,238,False
274,2023-04-09,CUST274,Female,23,Clothing,2,500,1000,Sunday,2023-04,267,False
275,2023-04-08,CUST275,Male,43,Clothing,2,500,1000,Saturday,2023-04,268,False
276,2023-10-02,CUST276,Female,21,Beauty,4,25,100,Monday,2023-10,91,True
277,2023-08-18,CUST277,Male,36,Clothing,4,25,100,Friday,2023-08,136,True
278,2023-03-13,CUST278,Female,37,Clothing,4,25,100,Monday,2023-03,294,True
279,2023-08-05,CUST279,Male,50,Clothing,1,500,500,Saturday,2023-08,149,False
280,2023-04-04,CUST280,Female,37,Clothing,3,500,1500,Tuesday,2023-04,272,False
281,2023-05-23,CUST281,Female,29,Beauty,4,500,2000,Tuesday,2023-05,223,False
282,2023-08-25,CUST282,Female,64,Electronics,4,50,200,Friday,2023-08,129,False
283,2023-05-08,CUST283,Female,18,Electronics,1,500,500,Monday,2023-05,238,False
284,2023-02-08,CUST284,Male,43,Clothing,4,50,200,Wednesday,2023-02,327,False
285,2023-08-15,CUST285,Female,31,Electronics,1,25,25,Tuesday,2023-08,139,True
286,2023-10-09,CUST286,Male,55,Electronics,2,25,50,Monday,2023-10,84,True
287,2023-02-20,CUST287,Male,54,Clothing,4,25,100,Monday,2023-02,315,True
288,2023-01-26,CUST288,Male,28,Clothing,4,30,120,Thursday,2023-01,340,True
289,2023-11-30,CUST289,Male,53,Electronics,2,30,60,Thursday,2023-11,32,True
290,2023-10-04,CUST290,Female,30,Beauty,2,300,600,Wednesday,2023-10,89,False
291,2023-01-08,CUST291,Male,60,Clothing,2,300,600,Sunday,2023-01,358,False
292,2023-02-17,CUST292,Male,20,Beauty,4,300,1200,Friday,2023-02,318,False
293,2023-05-02,CUST293,Male,50,Electronics,3,30,90,Tuesday,2023-05,244,True
294,2023-03-27,CUST294,Female,23,Clothing,3,30,90,Monday,2023-03,280,True
295,2023-07-28,CUST295,Female,27,Beauty,3,300,900,Friday,2023-07,157,False
296,2023-09-06,CUST296,Female,22,Clothing,4,300,1200,Wednesday,2023-09,117,False
297,2023-09-04,CUST297,Female,40,Electronics,2,500,1000,Monday,2023-09,119,False
298,2023-04-20,CUST298,Male,27,Beauty,4,300,1200,Thursday,2023-04,256,False
299,2023-07-25,CUST299,Male,61,Electronics,2,500,1000,Tuesday,2023-07,160,False
300,2023-01-31,CUST300,Female,19,Electronics,4,50,200,Tuesday,2023-01,335,False
301,2023-03-26,CUST301,Male,30,Clothing,4,30,120,Sunday,2023-03,281,True
302,2023-07-14,CUST302,Male,57,Beauty,2,300,600,Friday,2023-07,171,False
303,2023-01-02,CUST303,Male,19,Electronics,3,30,90,Monday,2023-01,364,True
304,2023-07-19,CUST304,Female,37,Electronics,2,30,60,Wednesday,2023-07,166,True
305,2023-05-16,CUST305,Female,18,Beauty,1,30,30,Tuesday,2023-05,230,True
306,2023-08-21,CUST306,Male,54,Electronics,1,50,50,Monday,2023-08,133,False
307,2023-05-27,CUST307,Female,26,Electronics,2,25,50,Saturday,2023-05,219,True
308,2023-08-05,CUST308,Female,34,Beauty,4,300,1200,Saturday,2023-08,149,False
309,2023-12-23,CUST309,Female,26,Beauty,1,25,25,Saturday,2023-12,9,True
310,2023-10-12,CUST310,Female,28,Beauty,1,25,25,Thursday,2023-10,81,True
311,2023-12-05,CUST311,Female,32,Beauty,4,25,100,Tuesday,2023-12,27,True
312,2023-09-07,CUST312,Male,41,Clothing,4,30,120,Thursday,2023-09,116,True
313,2023-03-21,CUST313,Female,55,Beauty,3,500,1500,Tuesday,2023-03,286,False
314,2023-04-08,CUST314,Male,52,Clothing,4,30,120,Saturday,2023-04,268,True
315,2023-06-01,CUST315,Male,47,Clothing,2,30,60,Thursday,2023-06,214,True
316,2023-04-22,CUST316,Female,48,Clothing,2,25,50,Saturday,2023-04,254,True
317,2023-01-30,CUST317,Male,22,Electronics,3,30,90,Monday,2023-01,336,True
318,2023-10-24,CUST318,Male,61,Clothing,1,25,25,Tuesday,2023-10,69,True
319,2023-10-05,CUST319,Male,31,Clothing,1,500,500,Thursday,2023-10,88,False
320,2023-02-01,CUST320,Female,28,Electronics,4,300,1200,Wednesday,2023-02,334,False
321,2023-06-10,CUST321,Female,26,Electronics,2,25,50,Saturday,2023-06,205,True
322,2023-01-30,CUST322,Male,51,Electronics,1,500,500,Monday,2023-01,336,False
323,2023-01-26,CUST323,Female,29,Beauty,3,300,900,Thursday,2023-01,340,False
324,2023-10-27,CUST324,Female,52,Electronics,3,50,150,Friday,2023-10,66,False
325,2023-09-02,CUST325,Female,52,Electronics,2,25,50,Saturday,2023-09,121,True
326,2023-09-15,CUST326,Female,18,Clothing,3,25,75,Friday,2023-09,108,True
327,2023-09-29,CUST327,Male,57,Electronics,3,50,150,Friday,2023-09,94,False
328,2023-03-22,CUST328,Male,39,Beauty,2,50,100,Wednesday,2023-03,285,False
329,2023-01-30,CUST329,Female,46,Electronics,4,25,100,Monday,2023-01,336,True
330,2023-09-18,CUST330,Female,25,Beauty,4,50,200,Monday,2023-09,105,False
331,2023-02-11,CUST331,Male,28,Electronics,3,30,90,Saturday,2023-02,324,True
332,2023-04-06,CUST332,Male,58,Electronics,4,300,1200,Thursday,2023-04,270,False
333,2023-02-05,CUST333,Female,54,Electronics,4,300,1200,Sunday,2023-02,330,False
334,2023-11-01,CUST334,Male,31,Electronics,3,300,900,Wednesday,2023-11,61,False
335,2023-02-04,CUST335,Female,47,Beauty,4,30,120,Saturday,2023-02,331,True
336,2023-12-12,CUST336,Female,52,Beauty,3,50,150,Tuesday,2023-12,20,False
337,2023-05-01,CUST337,Male,38,Clothing,1,500,500,Monday,2023-05,245,False
338,2023-07-26,CUST338,Male,54,Beauty,2,50,100,Wednesday,2023-07,159,False
339,2023-03-03,CUST339,Female,22,Electronics,2,25,50,Friday,2023-03,304,True
340,2023-10-19,CUST340,Female,36,Clothing,4,300,1200,Thursday,2023-10,74,False
341,2023-05-07,CUST341,Male,31,Clothing,4,50,200,Sunday,2023-05,239,False
342,2023-10-24,CUST342,Female,43,Clothing,4,500,2000,Tuesday,2023-10,69,False
343,2023-11-01,CUST343,Male,21,Electronics,2,25,50,Wednesday,2023-11,61,True
344,2023-01-21,CUST344,Female,42,Beauty,1,30,30,Saturday,2023-01,345,True
345,2023-11-14,CUST345,Male,62,Electronics,1,30,30,Tuesday,2023-11,48,True
346,2023-02-11,CUST346,Male,59,Clothing,2,500,1000,Saturday,2023-02,324,False
347,2023-08-03,CUST347,Male,42,Electronics,1,25,25,Thursday,2023-08,151,True
348,2023-12-03,CUST348,Female,35,Electronics,2,300,600,Sunday,2023-12,29,False
349,2023-10-26,CUST349,Female,57,Beauty,1,50,50,Thursday,2023-10,67,False
350,2023-10-17,CUST350,Male,25,Beauty,3,25,75,Tuesday,2023-10,76,True
351,2023-09-25,CUST351,Female,56,Clothing,3,30,90,Monday,2023-09,98,True
352,2023-06-11,CUST352,Male,57,Electronics,2,500,1000,Sunday,2023-06,204,False
353,2023-05-14,CUST353,Male,31,Electronics,1,500,500,Sunday,2023-05,232,False
354,2023-04-15,CUST354,Female,49,Beauty,4,50,200,Saturday,2023-04,261,False
355,2023-12-09,CUST355,Female,55,Electronics,1,500,500,Saturday,2023-12,23,False
356,2023-06-10,CUST356,Male,50,Electronics,3,500,1500,Saturday,2023-06,205,False
357,2023-05-03,CUST357,Female,40,Electronics,3,25,75,Wednesday,2023-05,243,True
358,2023-05-16,CUST358,Female,32,Beauty,1,300,300,Tuesday,2023-05,230,False
359,2023-07-22,CUST359,Male,50,Clothing,1,50,50,Saturday,2023-07,163,False
360,2023-03-09,CUST360,Male,42,Clothing,4,25,100,Thursday,2023-03,298,True
361,2023-12-10,CUST361,Female,34,Electronics,4,300,1200,Sunday,2023-12,22,False
362,2023-11-27,CUST362,Male,50,Clothing,1,25,25,Monday,2023-11,35,True
363,2023-06-03,CUST363,Male,64,Beauty,1,25,25,Saturday,2023-06,212,True
364,2023-08-23,CUST364,Female,19,Beauty,1,500,500,Wednesday,2023-08,131,False
365,2023-06-11,CUST365,Male,31,Clothing,1,300,300,Sunday,2023-06,204,False
366,2023-02-07,CUST366,Male,57,Clothing,2,50,100,Tuesday,2023-02,328,False
367,2023-01-05,CUST367,Female,57,Electronics,1,50,50,Thursday,2023-01,361,False
368,2023-08-23,CUST368,Female,56,Clothing,4,300,1200,Wednesday,2023-08,131,False
369,2023-11-15,CUST369,Male,23,Electronics,3,500,1500,Wednesday,2023-11,47,False
370,2023-10-16,CUST370,Male,23,Electronics,2,30,60,Monday,2023-10,77,True
371,2023-02-21,CUST371,Female,20,Beauty,1,25,25,Tuesday,2023-02,314,True
372,2023-02-07,CUST372,Female,24,Beauty,3,500,1500,Tuesday,2023-02,328,False
373,2023-10-03,CUST373,Female,25,Beauty,2,300,600,Tuesday,2023-10,90,False
374,2023-04-20,CUST374,Female,59,Beauty,3,25,75,Thursday,2023-04,256,True
375,2023-09-17,CUST375,Male,32,Clothing,1,50,50,Sunday,2023-09,106,False
376,2023-05-16,CUST376,Female,64,Beauty,1,30,30,Tuesday,2023-05,230,True
377,2023-03-09,CUST377,Female,46,Clothing,4,50,200,Thursday,2023-03,298,False
378,2023-06-28,CUST378,Male,50,Beauty,1,300,300,Wednesday,2023-06,187,False
379,2023-02-05,CUST379,Female,47,Clothing,1,25,25,Sunday,2023-02,330,True
380,2023-05-06,CUST380,Male,56,Electronics,2,300,600,Saturday,2023-05,240,False
381,2023-07-09,CUST381,Female,44,Clothing,4,25,100,Sunday,2023-07,176,True
382,2023-05-26,CUST382,Female,53,Clothing,2,500,1000,Friday,2023-05,220,False
383,2023-03-22,CUST383,Female,46,Beauty,3,30,90,Wednesday,2023-03,285,True
384,2023-08-13,CUST384,Male,55,Clothing,1,500,500,Sunday,2023-08,141,False
385,2023-10-06,CUST385,Male,50,Electronics,3,500,1500,Friday,2023-10,87,False
386,2023-12-27,CUST386,Female,54,Electronics,2,300,600,Wednesday,2023-12,5,False
387,2023-06-04,CUST387,Male,44,Beauty,1,30,30,Sunday,2023-06,211,True
388,2023-11-10,CUST388,Male,50,Electronics,1,25,25,Friday,2023-11,52,True
389,2023-12-01,CUST389,Male,21,Clothing,2,25,50,Friday,2023-12,31,True
390,2023-09-28,CUST390,Male,39,Electronics,2,50,100,Thursday,2023-09,95,False
391,2023-01-05,CUST391,Male,19,Beauty,2,25,50,Thursday,2023-01,361,True
392,2023-12-08,CUST392,Male,27,Clothing,2,300,600,Friday,2023-12,24,False
393,2023-10-11,CUST393,Female,22,Beauty,2,500,1000,Wednesday,2023-10,82,False
394,2023-06-03,CUST394,Female,27,Clothing,1,500,500,Saturday,2023-06,212,False
395,2023-12-06,CUST395,Male,50,Electronics,2,500,1000,Wednesday,2023-12,26,False
396,2023-02-23,CUST396,Female,55,Beauty,1,30,30,Thursday,2023-02,312,True
397,2023-03-10,CUST397,Female,30,Beauty,1,25,25,Friday,2023-03,297,True
398,2023-05-16,CUST398,Female,48,Clothing,2,300,600,Tuesday,2023-05,230,False
399,2023-03-01,CUST399,Female,64,Beauty,2,30,60,Wednesday,2023-03,306,True
400,2023-02-24,CUST400,Male,53,Clothing,4,50,200,Friday,2023-02,311,False
401,2023-10-11,CUST401,Female,62,Clothing,1,300,300,Wednesday,2023-10,82,False
402,2023-03-21,CUST402,Female,41,Clothing,2,300,600,Tuesday,2023-03,286,False
403,2023-05-20,CUST403,Male,32,Clothing,2,300,600,Saturday,2023-05,226,False
404,2023-05-25,CUST404,Male,46,Electronics,2,500,1000,Thursday,2023-05,221,False
405,2023-11-06,CUST405,Female,25,Clothing,4,300,1200,Monday,2023-11,56,False
406,2023-04-18,CUST406,Female,22,Beauty,4,25,100,Tuesday,2023-04,258,True
407,2023-06-25,CUST407,Female,46,Electronics,3,300,900,Sunday,2023-06,190,False
408,2023-04-15,CUST408,Female,64,Beauty,1,500,500,Saturday,2023-04,261,False
409,2023-12-18,CUST409,Female,21,Electronics,3,300,900,Monday,2023-12,14,False
410,2023-11-21,CUST410,Female,29,Clothing,2,50,100,Tuesday,2023-11,41,False
411,2023-05-16,CUST411,Male,62,Electronics,4,50,200,Tuesday,2023-05,230,False
412,2023-09-16,CUST412,Female,19,Electronics,4,500,2000,Saturday,2023-09,107,False
413,2023-09-08,CUST413,Female,44,Beauty,3,25,75,Friday,2023-09,115,True
414,2023-05-09,CUST414,Male,48,Beauty,4,25,100,Tuesday,2023-05,237,True
415,2023-01-27,CUST415,Male,53,Clothing,2,30,60,Friday,2023-01,339,True
416,2023-02-17,CUST416,Male,53,Electronics,4,500,2000,Friday,2023-02,318,False
417,2023-11-21,CUST417,Male,43,Electronics,3,300,900,Tuesday,2023-11,41,False
418,2023-08-05,CUST418,Female,60,Electronics,2,500,1000,Saturday,2023-08,149,False
419,2023-05-22,CUST419,Female,44,Clothing,3,30,90,Monday,2023-05,224,True
420,2023-01-23,CUST420,Female,22,Clothing,4,500,2000,Monday,2023-01,343,False
421,2023-01-02,CUST421,Female,37,Clothing,3,500,1500,Monday,2023-01,364,False
422,2023-06-20,CUST422,Female,28,Clothing,3,30,90,Tuesday,2023-06,195,True
423,2023-03-08,CUST423,Female,27,Clothing,1,25,25,Wednesday,2023-03,299,True
424,2023-11-23,CUST424,Male,57,Beauty,4,300,1200,Thursday,2023-11,39,False
425,2023-05-15,CUST425,Female,55,Electronics,4,30,120,Monday,2023-05,231,True
426,2023-03-24,CUST426,Male,23,Electronics,3,50,150,Friday,2023-03,283,False
427,2023-08-15,CUST427,Male,25,Electronics,1,25,25,Tuesday,2023-08,139,True
428,2023-10-10,CUST428,Female,40,Electronics,4,50,200,Tuesday,2023-10,83,False
429,2023-12-28,CUST429,Male,64,Electronics,2,25,50,Thursday,2023-12,4,True
430,2023-08-07,CUST430,Female,43,Electronics,3,300,900,Monday,2023-08,147,False
431,2023-10-15,CUST431,Male,63,Electronics,4,300,1200,Sunday,2023-10,78,False
432,2023-01-05,CUST432,Female,60,Electronics,2,500,1000,Thursday,2023-01,361,False
433,2023-02-27,CUST433,Male,29,Beauty,4,50,200,Monday,2023-02,308,False
434,2023-02-08,CUST434,Female,43,Electronics,2,25,50,Wednesday,2023-02,327,True
435,2023-12-20,CUST435,Female,30,Beauty,3,300,900,Wednesday,2023-12,12,False
436,2023-03-18,CUST436,Female,57,Clothing,4,30,120,Saturday,2023-03,289,True
437,2023-10-07,CUST437,Female,35,Electronics,4,300,1200,Saturday,2023-10,86,False
438,2023-01-19,CUST438,Female,42,Clothing,1,30,30,Thursday,2023-01,347,True
439,2023-07-09,CUST439,Male,50,Clothing,3,25,75,Sunday,2023-07,176,True
440,2023-10-26,CUST440,Male,64,Clothing,2,300,600,Thursday,2023-10,67,False
441,2023-10-10,CUST441,Male,57,Beauty,4,300,1200,Tuesday,2023-10,83,False
442,2023-03-17,CUST442,Female,60,Clothing,4,25,100,Friday,2023-03,290,True
443,2023-08-09,CUST443,Male,29,Clothing,2,300,600,Wednesday,2023-08,145,False
444,2023-03-07,CUST444,Female,61,Clothing,3,30,90,Tuesday,2023-03,300,True
445,2023-01-22,CUST445,Female,53,Electronics,1,300,300,Sunday,2023-01,344,False
446,2023-06-07,CUST446,Male,21,Electronics,1,50,50,Wednesday,2023-06,208,False
447,2023-07-06,CUST447,Male,22,Beauty,4,500,2000,Thursday,2023-07,179,False
448,2023-01-21,CUST448,Female,54,Beauty,2,30,60,Saturday,2023-01,345,True
449,2023-07-03,CUST449,Male,25,Electronics,4,50,200,Monday,2023-07,182,False
450,2023-04-18,CUST450,Female,59,Beauty,2,25,50,Tuesday,2023-04,258,True
451,2023-12-16,CUST451,Female,45,Electronics,1,30,30,Saturday,2023-12,16,True
452,2023-05-08,CUST452,Female,48,Clothing,3,500,1500,Monday,2023-05,238,False
453,2023-12-08,CUST453,Female,26,Clothing,2,500,1000,Friday,2023-12,24,False
454,2023-02-22,CUST454,Female,46,Beauty,1,25,25,Wednesday,2023-02,313,True
455,2023-07-01,CUST455,Male,31,Electronics,4,25,100,Saturday,2023-07,184,True
456,2023-10-14,CUST456,Male,57,Electronics,2,30,60,Saturday,2023-10,79,True
457,2023-07-28,CUST457,Female,58,Beauty,3,300,900,Friday,2023-07,157,False
458,2023-11-14,CUST458,Female,39,Electronics,4,25,100,Tuesday,2023-11,48,True
459,2023-03-21,CUST459,Male,28,Clothing,4,300,1200,Tuesday,2023-03,286,False
460,2023-05-02,CUST460,Male,40,Beauty,1,50,50,Tuesday,2023-05,244,False
461,2023-03-25,CUST461,Female,18,Beauty,2,500,1000,Saturday,2023-03,282,False
462,2023-04-01,CUST462,Male,63,Electronics,4,300,1200,Saturday,2023-04,275,False
463,2023-07-31,CUST463,Female,54,Beauty,3,500,1500,Monday,2023-07,154,False
464,2023-01-13,CUST464,Male,38,Electronics,2,300,600,Friday,2023-01,353,False
465,2023-04-02,CUST465,Female,43,Electronics,3,50,150,Sunday,2023-04,274,False
466,2023-06-20,CUST466,Male,63,Electronics,4,25,100,Tuesday,2023-06,195,True
467,2023-07-30,CUST467,Female,53,Electronics,3,50,150,Sunday,2023-07,155,False
468,2023-12-09,CUST468,Male,40,Electronics,1,25,25,Saturday,2023-12,23,True
469,2023-05-08,CUST469,Male,18,Beauty,3,25,75,Monday,2023-05,238,True
470,2023-05-17,CUST470,Female,57,Clothing,2,500,1000,Wednesday,2023-05,229,False
471,2023-03-23,CUST471,Male,32,Clothing,3,50,150,Thursday,2023-03,284,False
472,2023-12-26,CUST472,Female,38,Beauty,3,300,900,Tuesday,2023-12,6,False
473,2023-02-25,CUST473,Male,64,Beauty,1,50,50,Saturday,2023-02,310,False
474,2023-07-15,CUST474,Female,26,Clothing,3,500,1500,Saturday,2023-07,170,False
475,2023-01-20,CUST475,Male,26,Clothing,3,25,75,Friday,2023-01,346,True
476,2023-08-29,CUST476,Female,27,Clothing,4,500,2000,Tuesday,2023-08,125,False
477,2023-04-24,CUST477,Male,43,Clothing,4,30,120,Monday,2023-04,252,True
478,2023-04-13,CUST478,Female,58,Clothing,2,30,60,Thursday,2023-04,263,True
479,2023-08-24,CUST479,Male,52,Electronics,4,300,1200,Thursday,2023-08,130,False
480,2023-06-29,CUST480,Female,42,Beauty,4,500,2000,Thursday,2023-06,186,False
481,2023-06-06,CUST481,Female,43,Electronics,4,300,1200,Tuesday,2023-06,209,False
482,2023-04-27,CUST482,Female,28,Clothing,4,300,1200,Thursday,2023-04,249,False
483,2023-04-25,CUST483,Male,55,Clothing,1,30,30,Tuesday,2023-04,251,True
484,2023-01-13,CUST484,Female,19,Clothing,4,300,1200,Friday,2023-01,353,False
485,2023-12-04,CUST485,Male,24,Electronics,1,30,30,Monday,2023-12,28,True
486,2023-04-09,CUST486,Female,35,Electronics,1,25,25,Sunday,2023-04,267,True
487,2023-07-24,CUST487,Male,44,Clothing,4,500,2000,Monday,2023-07,161,False
488,2023-06-18,CUST488,Female,51,Electronics,3,300,900,Sunday,2023-06,197,False
489,2023-05-23,CUST489,Male,44,Electronics,1,30,30,Tuesday,2023-05,223,True
490,2023-02-05,CUST490,Male,34,Clothing,3,50,150,Sunday,2023-02,330,False
491,2023-05-23,CUST491,Female,60,Electronics,3,300,900,Tuesday,2023-05,223,False
492,2023-06-29,CUST492,Male,61,Beauty,4,25,100,Thursday,2023-06,186,True
493,2023-11-25,CUST493,Male,41,Beauty,2,25,50,Saturday,2023-11,37,True
494,2023-09-18,CUST494,Female,42,Beauty,4,50,200,Monday,2023-09,105,False
495,2023-07-24,CUST495,Male,24,Beauty,2,30,60,Monday,2023-07,161,True
496,2023-12-14,CUST496,Male,23,Clothing,2,300,600,Thursday,2023-12,18,False
497,2023-10-02,CUST497,Male,41,Clothing,4,30,120,Monday,2023-10,91,True
498,2023-06-19,CUST498,Female,50,Clothing,4,25,100,Monday,2023-06,196,True
499,2023-01-15,CUST499,Male,46,Beauty,2,30,60,Sunday,2023-01,351,True
500,2023-03-01,CUST500,Female,60,Beauty,4,25,100,Wednesday,2023-03,306,True
501,2023-05-14,CUST501,Male,39,Electronics,2,30,60,Sunday,2023-05,232,True
502,2023-04-02,CUST502,Male,43,Electronics,3,50,150,Sunday,2023-04,274,False
503,2023-10-25,CUST503,Male,45,Beauty,4,500,2000,Wednesday,2023-10,68,False
504,2023-05-16,CUST504,Female,38,Beauty,3,50,150,Tuesday,2023-05,230,False
505,2023-01-20,CUST505,Male,24,Beauty,1,50,50,Friday,2023-01,346,False
506,2023-02-25,CUST506,Male,34,Beauty,3,500,1500,Saturday,2023-02,310,False
507,2023-11-02,CUST507,Female,37,Electronics,3,500,1500,Thursday,2023-11,60,False
508,2023-08-11,CUST508,Male,58,Beauty,2,300,600,Friday,2023-08,143,False
509,2023-06-26,CUST509,Female,37,Electronics,3,300,900,Monday,2023-06,189,False
510,2023-06-10,CUST510,Female,39,Beauty,4,50,200,Saturday,2023-06,205,False
511,2023-08-12,CUST511,Male,45,Beauty,2,50,100,Saturday,2023-08,142,False
512,2023-11-07,CUST512,Female,57,Beauty,1,25,25,Tuesday,2023-11,55,True
513,2023-09-19,CUST513,Male,24,Electronics,4,25,100,Tuesday,2023-09,104,True
514,2023-03-01,CUST514,Female,18,Electronics,1,300,300,Wednesday,2023-03,306,False
515,2023-07-17,CUST515,Female,49,Clothing,3,300,900,Monday,2023-07,168,False
516,2023-10-23,CUST516,Male,30,Beauty,4,25,100,Monday,2023-10,70,True
517,2023-04-08,CUST517,Female,47,Clothing,4,25,100,Saturday,2023-04,268,True
518,2023-05-11,CUST518,Female,40,Clothing,1,30,30,Thursday,2023-05,235,True
519,2023-01-23,CUST519,Female,36,Electronics,4,30,120,Monday,2023-01,343,True
520,2023-12-29,CUST520,Female,49,Electronics,4,25,100,Friday,2023-12,3,True
521,2023-08-12,CUST521,Female,47,Clothing,4,30,120,Saturday,2023-08,142,True
522,2023-01-01,CUST522,Male,46,Beauty,3,500,1500,Sunday,2023-01,365,False
523,2023-09-24,CUST523,Female,62,Electronics,1,300,300,Sunday,2023-09,99,False
524,2023-10-03,CUST524,Male,46,Beauty,4,300,1200,Tuesday,2023-10,90,False
525,2023-12-18,CUST525,Female,47,Beauty,2,25,50,Monday,2023-12,14,True
526,2023-12-10,CUST526,Male,33,Clothing,2,50,100,Sunday,2023-12,22,False
527,2023-04-11,CUST527,Male,57,Clothing,2,25,50,Tuesday,2023-04,265,True
528,2023-07-06,CUST528,Female,36,Clothing,2,30,60,Thursday,2023-07,179,True
529,2023-08-09,CUST529,Female,35,Clothing,3,50,150,Wednesday,2023-08,145,False
530,2023-02-05,CUST530,Female,18,Electronics,4,30,120,Sunday,2023-02,330,True
531,2023-12-07,CUST531,Male,31,Electronics,1,500,500,Thursday,2023-12,25,False
532,2023-06-19,CUST532,Female,64,Clothing,4,30,120,Monday,2023-06,196,True
533,2023-11-16,CUST533,Male,19,Electronics,3,500,1500,Thursday,2023-11,46,False
534,2023-06-10,CUST534,Male,45,Clothing,2,500,1000,Saturday,2023-06,205,False
535,2023-12-06,CUST535,Male,47,Beauty,3,30,90,Wednesday,2023-12,26,True
536,2023-03-05,CUST536,Female,55,Beauty,4,30,120,Sunday,2023-03,302,True
537,2023-06-03,CUST537,Female,21,Beauty,1,500,500,Saturday,2023-06,212,False
538,2023-09-17,CUST538,Male,18,Clothing,3,50,150,Sunday,2023-09,106,False
539,2023-06-08,CUST539,Male,25,Beauty,1,500,500,Thursday,2023-06,207,False
540,2023-12-08,CUST540,Female,46,Electronics,3,300,900,Friday,2023-12,24,False
541,2023-07-29,CUST541,Male,56,Beauty,1,500,500,Saturday,2023-07,156,False
542,2023-06-17,CUST542,Female,20,Beauty,1,50,50,Saturday,2023-06,198,False
543,2023-07-26,CUST543,Male,49,Beauty,2,300,600,Wednesday,2023-07,159,False
544,2023-12-23,CUST544,Female,27,Electronics,1,25,25,Saturday,2023-12,9,True
545,2023-06-01,CUST545,Male,27,Clothing,2,25,50,Thursday,2023-06,214,True
546,2023-10-11,CUST546,Female,36,Electronics,4,50,200,Wednesday,2023-10,82,False
547,2023-03-07,CUST547,Male,63,Clothing,4,500,2000,Tuesday,2023-03,300,False
548,2023-04-09,CUST548,Female,51,Clothing,2,30,60,Sunday,2023-04,267,True
549,2023-08-04,CUST549,Female,50,Beauty,2,50,100,Friday,2023-08,150,False
550,2023-12-07,CUST550,Male,40,Clothing,3,300,900,Thursday,2023-12,25,False
551,2023-07-14,CUST551,Male,45,Electronics,3,300,900,Friday,2023-07,171,False
552,2023-12-13,CUST552,Female,49,Electronics,3,25,75,Wednesday,2023-12,19,True
553,2023-03-31,CUST553,Male,24,Clothing,4,300,1200,Friday,2023-03,276,False
554,2023-11-12,CUST554,Female,46,Beauty,3,50,150,Sunday,2023-11,50,False
555,2023-10-19,CUST555,Male,25,Beauty,1,300,300,Thursday,2023-10,74,False
556,2023-06-04,CUST556,Female,18,Electronics,1,50,50,Sunday,2023-06,211,False
557,2023-07-27,CUST557,Female,20,Beauty,3,30,90,Thursday,2023-07,158,True
558,2023-10-08,CUST558,Female,41,Clothing,1,25,25,Sunday,2023-10,85,True
559,2023-01-01,CUST559,Female,40,Clothing,4,300,1200,Sunday,2023-01,365,False
560,2023-06-05,CUST560,Female,25,Electronics,1,50,50,Monday,2023-06,210,False
561,2023-05-27,CUST561,Female,64,Clothing,4,500,2000,Saturday,2023-05,219,False
562,2023-04-18,CUST562,Male,54,Electronics,2,25,50,Tuesday,2023-04,258,True
563,2023-08-09,CUST563,Male,20,Clothing,2,30,60,Wednesday,2023-08,145,True
564,2023-10-24,CUST564,Male,50,Electronics,2,50,100,Tuesday,2023-10,69,False
565,2023-11-07,CUST565,Female,45,Beauty,2,30,60,Tuesday,2023-11,55,True
566,2023-12-02,CUST566,Female,64,Clothing,1,30,30,Saturday,2023-12,30,True
567,2023-06-14,CUST567,Female,25,Clothing,3,300,900,Wednesday,2023-06,201,False
568,2023-08-27,CUST568,Female,51,Electronics,1,300,300,Sunday,2023-08,127,False
569,2023-08-15,CUST569,Male,52,Electronics,4,50,200,Tuesday,2023-08,139,False
570,2023-08-15,CUST570,Male,49,Clothing,1,500,500,Tuesday,2023-08,139,False
571,2023-12-12,CUST571,Female,41,Electronics,1,50,50,Tuesday,2023-12,20,False
572,2023-04-20,CUST572,Male,31,Clothing,4,500,2000,Thursday,2023-04,256,False
573,2023-09-19,CUST573,Male,49,Beauty,2,30,60,Tuesday,2023-09,104,True
574,2023-08-31,CUST574,Female,63,Electronics,2,25,50,Thursday,2023-08,123,True
575,2023-03-28,CUST575,Male,60,Clothing,2,50,100,Tuesday,2023-03,279,False
576,2023-12-04,CUST576,Female,33,Beauty,3,50,150,Monday,2023-12,28,False
577,2023-02-13,CUST577,Male,21,Beauty,4,500,2000,Monday,2023-02,322,False
578,2023-05-26,CUST578,Female,54,Clothing,4,30,120,Friday,2023-05,220,True
579,2023-09-21,CUST579,Female,38,Electronics,1,30,30,Thursday,2023-09,102,True
580,2023-12-06,CUST580,Female,31,Clothing,3,500,1500,Wednesday,2023-12,26,False
581,2023-11-21,CUST581,Female,48,Beauty,2,30,60,Tuesday,2023-11,41,True
582,2023-11-14,CUST582,Male,35,Clothing,3,300,900,Tuesday,2023-11,48,False
583,2023-06-21,CUST583,Female,24,Electronics,4,25,100,Wednesday,2023-06,194,True
584,2023-02-17,CUST584,Female,27,Beauty,4,50,200,Friday,2023-02,318,False
585,2023-05-01,CUST585,Female,24,Clothing,1,25,25,Monday,2023-05,245,True
586,2023-12-11,CUST586,Male,50,Electronics,1,50,50,Monday,2023-12,21,False
587,2023-06-08,CUST587,Female,40,Beauty,4,300,1200,Thursday,2023-06,207,False
588,2023-04-26,CUST588,Male,38,Electronics,2,30,60,Wednesday,2023-04,250,True
589,2023-04-12,CUST589,Female,36,Beauty,2,500,1000,Wednesday,2023-04,264,False
590,2023-03-17,CUST590,Male,36,Clothing,3,300,900,Friday,2023-03,290,False
591,2023-01-13,CUST591,Male,53,Electronics,4,25,100,Friday,2023-01,353,True
592,2023-01-24,CUST592,Female,46,Beauty,4,500,2000,Tuesday,2023-01,342,False
593,2023-05-06,CUST593,Male,35,Electronics,2,30,60,Saturday,2023-05,240,True
594,2023-09-01,CUST594,Female,19,Electronics,2,300,600,Friday,2023-09,122,False
595,2023-11-09,CUST595,Female,18,Clothing,4,500,2000,Thursday,2023-11,53,False
596,2023-02-07,CUST596,Female,64,Electronics,1,300,300,Tuesday,2023-02,328,False
597,2023-08-22,CUST597,Male,22,Beauty,4,300,1200,Tuesday,2023-08,132,False
598,2023-08-01,CUST598,Male,37,Beauty,4,30,120,Tuesday,2023-08,153,True
599,2023-11-19,CUST599,Female,28,Beauty,2,50,100,Sunday,2023-11,43,False
600,2023-10-22,CUST600,Female,59,Beauty,2,500,1000,Sunday,2023-10,71,False
601,2023-04-10,CUST601,Male,19,Clothing,1,30,30,Monday,2023-04,266,True
602,2023-12-23,CUST602,Female,20,Electronics,1,300,300,Saturday,2023-12,9,False
603,2023-07-16,CUST603,Female,40,Clothing,3,30,90,Sunday,2023-07,169,True
604,2023-09-11,CUST604,Female,29,Electronics,4,50,200,Monday,2023-09,112,False
605,2023-07-24,CUST605,Male,37,Electronics,2,500,1000,Monday,2023-07,161,False
606,2023-05-05,CUST606,Male,22,Electronics,1,50,50,Friday,2023-05,241,False
607,2023-03-17,CUST607,Male,54,Clothing,3,25,75,Friday,2023-03,290,True
608,2023-12-02,CUST608,Female,55,Electronics,3,500,1500,Saturday,2023-12,30,False
609,2023-12-19,CUST609,Female,47,Clothing,2,50,100,Tuesday,2023-12,13,False
610,2023-01-03,CUST610,Female,26,Beauty,2,300,600,Tuesday,2023-01,363,False
611,2023-02-24,CUST611,Male,51,Beauty,3,500,1500,Friday,2023-02,311,False
612,2023-08-06,CUST612,Female,61,Electronics,1,500,500,Sunday,2023-08,148,False
613,2023-04-23,CUST613,Female,52,Clothing,3,30,90,Sunday,2023-04,253,True
614,2023-04-01,CUST614,Female,39,Beauty,4,300,1200,Saturday,2023-04,275,False
615,2023-12-23,CUST615,Female,61,Clothing,4,25,100,Saturday,2023-12,9,True
616,2023-09-23,CUST616,Male,41,Clothing,2,50,100,Saturday,2023-09,100,False
617,2023-08-26,CUST617,Male,34,Electronics,1,30,30,Saturday,2023-08,128,True
618,2023-01-26,CUST618,Female,27,Beauty,1,50,50,Thursday,2023-01,340,False
619,2023-10-13,CUST619,Male,47,Electronics,4,25,100,Friday,2023-10,80,True
620,2023-05-08,CUST620,Male,63,Electronics,3,25,75,Monday,2023-05,238,True
621,2023-03-04,CUST621,Female,40,Beauty,2,500,1000,Saturday,2023-03,303,False
622,2023-08-22,CUST622,Female,49,Beauty,3,25,75,Tuesday,2023-08,132,True
623,2023-03-10,CUST623,Male,34,Clothing,3,50,150,Friday,2023-03,297,False
624,2023-08-26,CUST624,Female,34,Beauty,3,300,900,Saturday,2023-08,128,False
625,2023-12-08,CUST625,Male,31,Clothing,1,300,300,Friday,2023-12,24,False
626,2023-09-29,CUST626,Female,26,Clothing,4,500,2000,Friday,2023-09,94,False
627,2023-10-14,CUST627,Male,57,Clothing,1,50,50,Saturday,2023-10,79,False
628,2023-11-01,CUST628,Female,19,Beauty,4,50,200,Wednesday,2023-11,61,False
629,2023-06-12,CUST629,Male,62,Electronics,2,25,50,Monday,2023-06,203,True
630,2023-08-15,CUST630,Male,42,Clothing,2,50,100,Tuesday,2023-08,139,False
631,2023-11-10,CUST631,Male,56,Electronics,3,30,90,Friday,2023-11,52,True
632,2023-09-16,CUST632,Female,26,Electronics,4,25,100,Saturday,2023-09,107,True
633,2023-08-07,CUST633,Male,39,Beauty,4,30,120,Monday,2023-08,147,True
634,2023-10-08,CUST634,Male,60,Electronics,4,500,2000,Sunday,2023-10,85,False
635,2023-08-17,CUST635,Female,63,Electronics,3,300,900,Thursday,2023-08,137,False
636,2023-03-23,CUST636,Female,21,Beauty,3,500,1500,Thursday,2023-03,284,False
637,2023-09-01,CUST637,Male,43,Clothing,2,300,600,Friday,2023-09,122,False
638,2023-08-19,CUST638,Male,46,Electronics,1,500,500,Saturday,2023-08,135,False
639,2023-05-13,CUST639,Female,62,Beauty,4,50,200,Saturday,2023-05,233,False
640,2023-05-07,CUST640,Female,51,Electronics,4,30,120,Sunday,2023-05,239,True
641,2023-11-23,CUST641,Female,40,Electronics,1,300,300,Thursday,2023-11,39,False
642,2023-05-22,CUST642,Female,54,Clothing,4,25,100,Monday,2023-05,224,True
643,2023-09-24,CUST643,Female,28,Electronics,3,30,90,Sunday,2023-09,99,True
644,2023-09-06,CUST644,Male,23,Beauty,3,25,75,Wednesday,2023-09,117,True
645,2023-11-17,CUST645,Female,35,Electronics,4,30,120,Friday,2023-11,45,True
646,2023-05-03,CUST646,Male,38,Clothing,3,30,90,Wednesday,2023-05,243,True
647,2023-05-21,CUST647,Male,59,Clothing,3,500,1500,Sunday,2023-05,225,False
648,2023-08-14,CUST648,Male,53,Beauty,4,300,1200,Monday,2023-08,140,False
649,2023-02-09,CUST649,Female,58,Clothing,2,300,600,Thursday,2023-02,326,False
650,2024-01-01,CUST650,Male,55,Electronics,1,30,30,Monday,2024-01,0,True
651,2023-05-27,CUST651,Male,51,Clothing,3,50,150,Saturday,2023-05,219,False
652,2023-05-01,CUST652,Female,34,Beauty,2,50,100,Monday,2023-05,245,False
653,2023-05-20,CUST653,Male,54,Clothing,3,25,75,Saturday,2023-05,226,True
654,2023-06-21,CUST654,Male,42,Clothing,3,25,75,Wednesday,2023-06,194,True
655,2023-06-13,CUST655,Female,55,Clothing,1,500,500,Tuesday,2023-06,202,False
656,2023-10-04,CUST656,Male,29,Beauty,3,30,90,Wednesday,2023-10,89,True
657,2023-02-11,CUST657,Male,40,Clothing,1,25,25,Saturday,2023-02,324,True
658,2023-03-12,CUST658,Male,59,Clothing,1,25,25,Sunday,2023-03,295,True
659,2023-03-19,CUST659,Female,39,Electronics,1,30,30,Sunday,2023-03,288,True
660,2023-04-29,CUST660,Female,38,Beauty,2,500,1000,Saturday,2023-04,247,False
661,2023-07-16,CUST661,Female,44,Clothing,4,25,100,Sunday,2023-07,169,True
662,2023-12-22,CUST662,Male,48,Beauty,2,500,1000,Friday,2023-12,10,False
663,2023-03-20,CUST663,Male,23,Clothing,4,300,1200,Monday,2023-03,287,False
664,2023-12-28,CUST664,Female,44,Clothing,4,500,2000,Thursday,2023-12,4,False
665,2023-04-20,CUST665,Male,57,Clothing,1,50,50,Thursday,2023-04,256,False
666,2023-02-02,CUST666,Male,51,Electronics,3,50,150,Thursday,2023-02,333,False
667,2023-08-01,CUST667,Female,29,Electronics,1,500,500,Tuesday,2023-08,153,False
668,2023-07-28,CUST668,Female,62,Electronics,3,50,150,Friday,2023-07,157,False
669,2023-06-19,CUST669,Male,24,Beauty,4,300,1200,Monday,2023-06,196,False
670,2023-10-05,CUST670,Male,27,Beauty,1,30,30,Thursday,2023-10,88,True
671,2023-08-27,CUST671,Male,62,Electronics,3,50,150,Sunday,2023-08,127,False
672,2023-08-01,CUST672,Female,34,Beauty,2,50,100,Tuesday,2023-08,153,False
673,2023-02-01,CUST673,Female,43,Clothing,3,500,1500,Wednesday,2023-02,334,False
674,2023-04-16,CUST674,Female,38,Clothing,1,300,300,Sunday,2023-04,260,False
675,2023-08-04,CUST675,Female,45,Clothing,2,30,60,Friday,2023-08,150,True
676,2023-07-19,CUST676,Male,63,Electronics,3,500,1500,Wednesday,2023-07,166,False
677,2023-10-27,CUST677,Female,19,Beauty,3,500,1500,Friday,2023-10,66,False
678,2023-12-23,CUST678,Female,60,Electronics,3,300,900,Saturday,2023-12,9,False
679,2023-01-11,CUST679,Female,18,Beauty,3,30,90,Wednesday,2023-01,355,True
680,2023-10-22,CUST680,Female,53,Clothing,3,300,900,Sunday,2023-10,71,False
681,2023-07-14,CUST681,Female,43,Electronics,2,30,60,Friday,2023-07,171,True
682,2023-09-02,CUST682,Male,46,Beauty,4,300,1200,Saturday,2023-09,121,False
683,2023-01-04,CUST683,Male,38,Beauty,2,500,1000,Wednesday,2023-01,362,False
684,2023-06-30,CUST684,Female,28,Clothing,2,500,1000,Friday,2023-06,185,False
685,2023-06-02,CUST685,Male,57,Electronics,2,25,50,Friday,2023-06,213,True
686,2023-07-19,CUST686,Female,28,Electronics,4,50,200,Wednesday,2023-07,166,False
687,2023-08-03,CUST687,Female,53,Electronics,1,300,300,Thursday,2023-08,151,False
688,2023-10-03,CUST688,Male,56,Clothing,4,25,100,Tuesday,2023-10,90,True
689,2023-10-07,CUST689,Male,57,Electronics,2,50,100,Saturday,2023-10,86,False
690,2023-11-05,CUST690,Female,52,Clothing,3,300,900,Sunday,2023-11,57,False
691,2023-04-23,CUST691,Female,51,Clothing,3,30,90,Sunday,2023-04,253,True
692,2023-09-07,CUST692,Female,64,Clothing,2,50,100,Thursday,2023-09,116,False
693,2023-04-23,CUST693,Male,41,Beauty,3,500,1500,Sunday,2023-04,253,False
694,2023-05-20,CUST694,Female,39,Electronics,2,25,50,Saturday,2023-05,226,True
695,2023-08-12,CUST695,Female,22,Electronics,3,50,150,Saturday,2023-08,142,False
696,2023-09-06,CUST696,Female,50,Clothing,4,50,200,Wednesday,2023-09,117,False
697,2023-01-15,CUST697,Male,53,Clothing,1,500,500,Sunday,2023-01,351,False
698,2023-07-19,CUST698,Female,64,Electronics,1,300,300,Wednesday,2023-07,166,False
699,2023-06-22,CUST699,Female,37,Clothing,4,30,120,Thursday,2023-06,193,True
700,2023-12-09,CUST700,Male,36,Electronics,4,500,2000,Saturday,2023-12,23,False
701,2023-12-14,CUST701,Female,52,Beauty,2,30,60,Thursday,2023-12,18,True
702,2023-07-27,CUST702,Female,60,Clothing,2,300,600,Thursday,2023-07,158,False
703,2023-03-26,CUST703,Male,34,Electronics,2,50,100,Sunday,2023-03,281,False
704,2023-08-28,CUST704,Female,62,Clothing,3,30,90,Monday,2023-08,126,True
705,2023-03-07,CUST705,Male,60,Electronics,2,25,50,Tuesday,2023-03,300,True
706,2023-11-15,CUST706,Male,51,Electronics,4,25,100,Wednesday,2023-11,47,True
707,2023-10-01,CUST707,Female,26,Clothing,1,500,500,Sunday,2023-10,92,False
708,2023-01-14,CUST708,Female,43,Beauty,3,300,900,Saturday,2023-01,352,False
709,2023-07-21,CUST709,Female,19,Electronics,2,500,1000,Friday,2023-07,164,False
710,2023-10-31,CUST710,Female,26,Electronics,3,500,1500,Tuesday,2023-10,62,False
711,2023-10-16,CUST711,Male,26,Electronics,3,500,1500,Monday,2023-10,77,False
712,2023-12-06,CUST712,Female,57,Beauty,2,25,50,Wednesday,2023-12,26,True
713,2023-01-14,CUST713,Male,34,Beauty,3,25,75,Saturday,2023-01,352,True
714,2023-02-12,CUST714,Female,18,Clothing,1,500,500,Sunday,2023-02,323,False
715,2023-11-26,CUST715,Female,42,Beauty,4,25,100,Sunday,2023-11,36,True
716,2023-08-08,CUST716,Female,60,Clothing,4,300,1200,Tuesday,2023-08,146,False
717,2023-03-11,CUST717,Male,57,Clothing,1,500,500,Saturday,2023-03,296,False
718,2023-08-25,CUST718,Female,59,Beauty,3,25,75,Friday,2023-08,129,True
719,2023-04-04,CUST719,Female,42,Clothing,2,30,60,Tuesday,2023-04,272,True
720,2023-01-26,CUST720,Female,56,Beauty,3,500,1500,Thursday,2023-01,340,False
721,2023-05-14,CUST721,Female,52,Clothing,1,500,500,Sunday,2023-05,232,False
722,2023-07-14,CUST722,Male,20,Beauty,3,300,900,Friday,2023-07,171,False
723,2023-06-17,CUST723,Female,54,Beauty,4,50,200,Saturday,2023-06,198,False
724,2023-04-19,CUST724,Male,61,Clothing,3,50,150,Wednesday,2023-04,257,False
725,2023-08-21,CUST725,Male,61,Electronics,1,300,300,Monday,2023-08,133,False
726,2023-06-17,CUST726,Male,47,Clothing,4,300,1200,Saturday,2023-06,198,False
727,2023-06-22,CUST727,Male,55,Beauty,3,300,900,Thursday,2023-06,193,False
728,2023-07-14,CUST728,Male,51,Electronics,3,50,150,Friday,2023-07,171,False
729,2023-05-23,CUST729,Male,29,Clothing,4,300,1200,Tuesday,2023-05,223,False
730,2023-08-04,CUST730,Female,36,Clothing,2,25,50,Friday,2023-08,150,True
731,2023-05-10,CUST731,Male,54,Clothing,4,500,2000,Wednesday,2023-05,236,False
732,2023-02-11,CUST732,Male,61,Electronics,2,500,1000,Saturday,2023-02,324,False
733,2023-08-29,CUST733,Male,34,Beauty,1,30,30,Tuesday,2023-08,125,True
734,2023-01-10,CUST734,Female,27,Clothing,1,30,30,Tuesday,2023-01,356,True
735,2023-10-04,CUST735,Female,64,Clothing,4,500,2000,Wednesday,2023-10,89,False
736,2023-01-27,CUST736,Male,29,Clothing,4,25,100,Friday,2023-01,339,True
737,2023-06-29,CUST737,Female,33,Clothing,1,50,50,Thursday,2023-06,186,False
738,2023-04-25,CUST738,Male,41,Clothing,2,50,100,Tuesday,2023-04,251,False
739,2023-11-29,CUST739,Male,36,Beauty,1,25,25,Wednesday,2023-11,33,True
740,2023-02-05,CUST740,Female,25,Beauty,4,50,200,Sunday,2023-02,330,False
741,2023-11-30,CUST741,Male,48,Clothing,1,300,300,Thursday,2023-11,32,False
742,2023-01-21,CUST742,Female,38,Electronics,4,500,2000,Saturday,2023-01,345,False
743,2023-01-16,CUST743,Female,34,Beauty,4,500,2000,Monday,2023-01,350,False
744,2023-05-07,CUST744,Male,40,Electronics,1,25,25,Sunday,2023-05,239,True
745,2023-04-13,CUST745,Male,54,Beauty,2,50,100,Thursday,2023-04,263,False
746,2023-01-11,CUST746,Female,33,Clothing,3,30,90,Wednesday,2023-01,355,True
747,2023-11-15,CUST747,Male,23,Beauty,1,30,30,Wednesday,2023-11,47,True
748,2023-03-20,CUST748,Male,25,Clothing,3,50,150,Monday,2023-03,287,False
749,2023-05-03,CUST749,Male,42,Beauty,1,30,30,Wednesday,2023-05,243,True
750,2023-03-06,CUST750,Female,35,Clothing,3,25,75,Monday,2023-03,301,True
751,2023-08-31,CUST751,Female,42,Clothing,2,25,50,Thursday,2023-08,123,True
752,2023-12-09,CUST752,Male,29,Clothing,2,50,100,Saturday,2023-12,23,False
753,2023-02-28,CUST753,Female,32,Clothing,1,30,30,Tuesday,2023-02,307,True
754,2023-10-16,CUST754,Female,43,Electronics,4,25,100,Monday,2023-10,77,True
755,2023-04-22,CUST755,Female,58,Clothing,3,25,75,Saturday,2023-04,254,True
756,2023-08-27,CUST756,Female,62,Electronics,4,300,1200,Sunday,2023-08,127,False
757,2023-12-25,CUST757,Female,43,Electronics,4,300,1200,Monday,2023-12,7,False
758,2023-05-12,CUST758,Male,64,Clothing,4,25,100,Friday,2023-05,234,True
759,2023-07-08,CUST759,Male,49,Electronics,2,50,100,Saturday,2023-07,177,False
760,2023-03-27,CUST760,Male,27,Beauty,1,500,500,Monday,2023-03,280,False
761,2023-11-07,CUST761,Female,33,Clothing,1,500,500,Tuesday,2023-11,55,False
762,2023-11-07,CUST762,Female,24,Electronics,2,25,50,Tuesday,2023-11,55,True
763,2023-02-28,CUST763,Male,34,Clothing,2,25,50,Tuesday,2023-02,307,True
764,2023-03-25,CUST764,Female,40,Clothing,1,25,25,Saturday,2023-03,282,True
765,2023-06-09,CUST765,Male,43,Clothing,4,50,200,Friday,2023-06,206,False
766,2023-02-25,CUST766,Male,38,Electronics,3,300,900,Saturday,2023-02,310,False
767,2023-10-24,CUST767,Male,39,Beauty,3,25,75,Tuesday,2023-10,69,True
768,2023-01-14,CUST768,Female,24,Beauty,3,25,75,Saturday,2023-01,352,True
769,2023-06-09,CUST769,Female,31,Electronics,4,30,120,Friday,2023-06,206,True
770,2023-10-22,CUST770,Male,32,Clothing,1,50,50,Sunday,2023-10,71,False
771,2023-12-13,CUST771,Male,24,Electronics,2,25,50,Wednesday,2023-12,19,True
772,2023-07-12,CUST772,Male,26,Electronics,1,30,30,Wednesday,2023-07,173,True
773,2023-07-23,CUST773,Male,25,Electronics,4,500,2000,Sunday,2023-07,162,False
774,2023-04-12,CUST774,Female,40,Clothing,2,25,50,Wednesday,2023-04,264,True
775,2023-02-08,CUST775,Female,46,Electronics,4,25,100,Wednesday,2023-02,327,True
776,2023-10-31,CUST776,Male,35,Clothing,3,30,90,Tuesday,2023-10,62,True
777,2023-12-20,CUST777,Male,48,Electronics,3,50,150,Wednesday,2023-12,12,False
778,2023-11-18,CUST778,Female,47,Beauty,4,25,100,Saturday,2023-11,44,True
779,2023-05-05,CUST779,Female,56,Electronics,2,500,1000,Friday,2023-05,241,False
780,2023-02-22,CUST780,Male,52,Electronics,2,25,50,Wednesday,2023-02,313,True
781,2023-12-23,CUST781,Male,35,Beauty,1,500,500,Saturday,2023-12,9,False
782,2023-06-04,CUST782,Male,59,Clothing,3,300,900,Sunday,2023-06,211,False
783,2023-12-17,CUST783,Female,56,Clothing,1,300,300,Sunday,2023-12,15,False
784,2023-11-04,CUST784,Female,34,Electronics,1,500,500,Saturday,2023-11,58,False
785,2023-03-03,CUST785,Female,31,Beauty,4,50,200,Friday,2023-03,304,False
786,2023-10-17,CUST786,Male,48,Clothing,4,25,100,Tuesday,2023-10,76,True
787,2023-01-22,CUST787,Male,41,Electronics,1,25,25,Sunday,2023-01,344,True
788,2023-06-27,CUST788,Female,52,Beauty,3,300,900,Tuesday,2023-06,188,False
789,2023-09-30,CUST789,Female,61,Clothing,4,500,2000,Saturday,2023-09,93,False
790,2023-08-08,CUST790,Male,62,Clothing,1,25,25,Tuesday,2023-08,146,True
791,2023-12-05,CUST791,Female,51,Beauty,1,25,25,Tuesday,2023-12,27,True
792,2023-07-09,CUST792,Female,20,Beauty,1,50,50,Sunday,2023-07,176,False
793,2023-02-05,CUST793,Male,54,Beauty,1,30,30,Sunday,2023-02,330,True
794,2023-09-17,CUST794,Female,60,Beauty,1,300,300,Sunday,2023-09,106,False
795,2023-11-28,CUST795,Male,57,Electronics,1,300,300,Tuesday,2023-11,34,False
796,2023-06-24,CUST796,Male,43,Beauty,4,30,120,Saturday,2023-06,191,True
797,2023-01-07,CUST797,Male,40,Clothing,3,25,75,Saturday,2023-01,359,True
798,2023-08-04,CUST798,Male,61,Clothing,1,50,50,Friday,2023-08,150,False
799,2023-09-08,CUST799,Male,56,Electronics,2,50,100,Friday,2023-09,115,False
800,2023-02-24,CUST800,Male,32,Clothing,4,300,1200,Friday,2023-02,311,False
801,2023-08-10,CUST801,Male,21,Clothing,4,50,200,Thursday,2023-08,144,False
802,2023-07-05,CUST802,Female,46,Beauty,1,30,30,Wednesday,2023-07,180,True
803,2023-11-22,CUST803,Male,39,Clothing,4,25,100,Wednesday,2023-11,40,True
804,2023-08-24,CUST804,Male,42,Electronics,1,30,30,Thursday,2023-08,130,True
805,2023-12-29,CUST805,Female,30,Beauty,3,500,1500,Friday,2023-12,3,False
806,2023-03-20,CUST806,Female,35,Beauty,3,300,900,Monday,2023-03,287,False
807,2023-08-11,CUST807,Female,50,Electronics,4,50,200,Friday,2023-08,143,False
808,2023-04-01,CUST808,Male,33,Beauty,4,500,2000,Saturday,2023-04,275,False
809,2023-09-25,CUST809,Female,62,Beauty,2,50,100,Monday,2023-09,98,False
810,2023-11-30,CUST810,Male,59,Electronics,4,25,100,Thursday,2023-11,32,True
811,2023-05-19,CUST811,Male,61,Beauty,2,25,50,Friday,2023-05,227,True
812,2023-11-12,CUST812,Male,19,Electronics,3,25,75,Sunday,2023-11,50,True
813,2023-10-03,CUST813,Male,52,Electronics,3,50,150,Tuesday,2023-10,90,False
814,2023-09-05,CUST814,Female,59,Clothing,1,500,500,Tuesday,2023-09,118,False
815,2023-08-27,CUST815,Female,51,Clothing,3,25,75,Sunday,2023-08,127,True
816,2023-08-12,CUST816,Male,47,Beauty,2,500,1000,Saturday,2023-08,142,False
817,2023-10-31,CUST817,Male,30,Beauty,4,50,200,Tuesday,2023-10,62,False
818,2023-05-18,CUST818,Male,30,Electronics,1,500,500,Thursday,2023-05,228,False
819,2023-06-15,CUST819,Female,35,Beauty,2,50,100,Thursday,2023-06,200,False
820,2023-05-06,CUST820,Male,49,Electronics,4,50,200,Saturday,2023-05,240,False
821,2023-02-14,CUST821,Male,49,Electronics,1,300,300,Tuesday,2023-02,321,False
822,2023-05-23,CUST822,Female,52,Beauty,3,50,150,Tuesday,2023-05,223,False
823,2023-08-19,CUST823,Female,56,Electronics,2,50,100,Saturday,2023-08,135,False
824,2023-05-05,CUST824,Male,63,Clothing,4,30,120,Friday,2023-05,241,True
825,2023-08-26,CUST825,Female,46,Beauty,1,25,25,Saturday,2023-08,128,True
826,2023-10-19,CUST826,Female,46,Clothing,1,300,300,Thursday,2023-10,74,False
827,2023-11-09,CUST827,Male,61,Beauty,3,300,900,Thursday,2023-11,53,False
828,2023-12-09,CUST828,Female,33,Electronics,4,300,1200,Saturday,2023-12,23,False
829,2023-07-14,CUST829,Male,61,Beauty,3,30,90,Friday,2023-07,171,True
830,2023-06-22,CUST830,Female,64,Clothing,3,50,150,Thursday,2023-06,193,False
831,2023-01-15,CUST831,Male,27,Electronics,4,25,100,Sunday,2023-01,351,True
832,2023-09-11,CUST832,Male,47,Beauty,4,500,2000,Monday,2023-09,112,False
833,2023-06-16,CUST833,Male,42,Beauty,4,50,200,Friday,2023-06,199,False
834,2023-04-04,CUST834,Female,56,Beauty,2,30,60,Tuesday,2023-04,272,True
835,2023-09-07,CUST835,Male,37,Clothing,4,50,200,Thursday,2023-09,116,False
836,2023-04-19,CUST836,Female,22,Clothing,1,50,50,Wednesday,2023-04,257,False
837,2023-07-01,CUST837,Male,18,Beauty,3,30,90,Saturday,2023-07,184,True
838,2023-05-13,CUST838,Male,47,Electronics,2,300,600,Saturday,2023-05,233,False
839,2023-06-24,CUST839,Female,20,Electronics,4,300,1200,Saturday,2023-06,191,False
840,2023-05-24,CUST840,Male,62,Clothing,2,25,50,Wednesday,2023-05,222,True
841,2023-11-02,CUST841,Male,31,Electronics,4,25,100,Thursday,2023-11,60,True
842,2023-12-26,CUST842,Female,47,Clothing,2,300,600,Tuesday,2023-12,6,False
843,2023-05-22,CUST843,Male,21,Beauty,3,500,1500,Monday,2023-05,224,False
844,2023-10-12,CUST844,Male,35,Clothing,3,50,150,Thursday,2023-10,81,False
845,2023-01-06,CUST845,Male,54,Clothing,1,500,500,Friday,2023-01,360,False
846,2023-09-22,CUST846,Male,42,Beauty,1,50,50,Friday,2023-09,101,False
847,2023-04-08,CUST847,Female,18,Electronics,4,300,1200,Saturday,2023-04,268,False
848,2023-02-13,CUST848,Female,63,Clothing,3,25,75,Monday,2023-02,322,True
849,2023-05-04,CUST849,Male,32,Clothing,2,25,50,Thursday,2023-05,242,True
850,2023-07-28,CUST850,Female,26,Beauty,2,500,1000,Friday,2023-07,157,False
851,2023-09-08,CUST851,Male,32,Electronics,2,25,50,Friday,2023-09,115,True
852,2023-10-12,CUST852,Female,41,Clothing,1,300,300,Thursday,2023-10,81,False
853,2023-05-04,CUST853,Male,21,Beauty,2,500,1000,Thursday,2023-05,242,False
854,2023-12-20,CUST854,Male,29,Clothing,1,50,50,Wednesday,2023-12,12,False
855,2023-09-01,CUST855,Male,54,Beauty,1,25,25,Friday,2023-09,122,True
856,2023-11-27,CUST856,Male,54,Electronics,4,30,120,Monday,2023-11,35,True
857,2023-12-31,CUST857,Male,60,Electronics,2,25,50,Sunday,2023-12,1,True
858,2023-09-09,CUST858,Male,23,Electronics,2,50,100,Saturday,2023-09,114,False
859,2023-08-18,CUST859,Female,56,Electronics,3,500,1500,Friday,2023-08,136,False
860,2023-01-09,CUST860,Male,63,Clothing,4,50,200,Monday,2023-01,357,False
861,2023-02-17,CUST861,Female,41,Clothing,3,30,90,Friday,2023-02,318,True
862,2023-05-31,CUST862,Male,28,Electronics,4,300,1200,Wednesday,2023-05,215,False
863,2023-04-24,CUST863,Female,30,Electronics,2,25,50,Monday,2023-04,252,True
864,2023-07-27,CUST864,Female,51,Electronics,1,500,500,Thursday,2023-07,158,False
865,2023-12-21,CUST865,Female,42,Clothing,1,300,300,Thursday,2023-12,11,False
866,2023-05-05,CUST866,Male,24,Electronics,1,50,50,Friday,2023-05,241,False
867,2023-06-06,CUST867,Male,21,Electronics,1,500,500,Tuesday,2023-06,209,False
868,2023-12-06,CUST868,Female,25,Electronics,1,300,300,Wednesday,2023-12,26,False
869,2023-10-25,CUST869,Male,37,Beauty,3,500,1500,Wednesday,2023-10,68,False
870,2023-07-08,CUST870,Female,46,Electronics,4,30,120,Saturday,2023-07,177,True
871,2023-08-31,CUST871,Male,62,Beauty,2,30,60,Thursday,2023-08,123,True
872,2023-10-11,CUST872,Female,63,Beauty,3,25,75,Wednesday,2023-10,82,True
873,2023-09-29,CUST873,Female,27,Electronics,4,25,100,Friday,2023-09,94,True
874,2023-06-26,CUST874,Male,60,Beauty,1,30,30,Monday,2023-06,189,True
875,2023-08-06,CUST875,Female,51,Electronics,4,500,2000,Sunday,2023-08,148,False
876,2023-10-09,CUST876,Male,43,Clothing,4,30,120,Monday,2023-10,84,True
877,2023-06-19,CUST877,Female,58,Clothing,1,25,25,Monday,2023-06,196,True
878,2023-06-30,CUST878,Female,20,Clothing,1,30,30,Friday,2023-06,185,True
879,2023-12-26,CUST879,Male,23,Clothing,1,30,30,Tuesday,2023-12,6,True
880,2023-08-21,CUST880,Male,22,Beauty,2,500,1000,Monday,2023-08,133,False
881,2023-05-19,CUST881,Male,22,Electronics,1,300,300,Friday,2023-05,227,False
882,2023-06-06,CUST882,Female,64,Electronics,2,25,50,Tuesday,2023-06,209,True
883,2023-05-09,CUST883,Male,40,Electronics,1,500,500,Tuesday,2023-05,237,False
884,2023-04-29,CUST884,Female,26,Clothing,2,30,60,Saturday,2023-04,247,True
885,2023-03-03,CUST885,Female,52,Clothing,4,30,120,Friday,2023-03,304,True
886,2023-04-09,CUST886,Male,37,Electronics,3,300,900,Sunday,2023-04,267,False
887,2023-06-11,CUST887,Male,59,Clothing,4,25,100,Sunday,2023-06,204,True
888,2023-03-03,CUST888,Female,52,Electronics,4,25,100,Friday,2023-03,304,True
889,2023-10-02,CUST889,Female,35,Electronics,1,50,50,Monday,2023-10,91,False
890,2023-12-20,CUST890,Male,34,Electronics,2,25,50,Wednesday,2023-12,12,True
891,2023-04-05,CUST891,Male,41,Electronics,3,300,900,Wednesday,2023-04,271,False
892,2023-04-09,CUST892,Male,20,Electronics,1,50,50,Sunday,2023-04,267,False
893,2023-04-21,CUST893,Male,49,Electronics,1,50,50,Friday,2023-04,255,False
894,2023-09-05,CUST894,Male,52,Electronics,1,30,30,Tuesday,2023-09,118,True
895,2023-05-22,CUST895,Female,55,Clothing,4,30,120,Monday,2023-05,224,True
896,2023-10-29,CUST896,Female,30,Electronics,2,25,50,Sunday,2023-10,64,True
897,2023-09-26,CUST897,Female,64,Electronics,2,50,100,Tuesday,2023-09,97,False
898,2023-11-02,CUST898,Female,42,Clothing,3,30,90,Thursday,2023-11,60,True
899,2023-05-25,CUST899,Male,26,Clothing,2,300,600,Thursday,2023-05,221,False
900,2023-02-21,CUST900,Male,21,Clothing,2,30,60,Tuesday,2023-02,314,True
901,2023-04-10,CUST901,Male,31,Electronics,1,30,30,Monday,2023-04,266,True
902,2023-06-01,CUST902,Female,54,Beauty,1,50,50,Thursday,2023-06,214,False
903,2023-04-27,CUST903,Female,51,Beauty,4,50,200,Thursday,2023-04,249,False
904,2023-07-04,CUST904,Male,28,Clothing,1,500,500,Tuesday,2023-07,181,False
905,2023-04-02,CUST905,Male,58,Beauty,1,300,300,Sunday,2023-04,274,False
906,2023-06-04,CUST906,Female,20,Clothing,1,50,50,Sunday,2023-06,211,False
907,2023-01-08,CUST907,Female,45,Electronics,1,25,25,Sunday,2023-01,358,True
908,2023-12-29,CUST908,Male,46,Beauty,4,300,1200,Friday,2023-12,3,False
909,2023-10-01,CUST909,Male,26,Electronics,1,300,300,Sunday,2023-10,92,False
910,2023-03-06,CUST910,Female,20,Beauty,3,50,150,Monday,2023-03,301,False
911,2023-05-21,CUST911,Male,42,Electronics,3,300,900,Sunday,2023-05,225,False
912,2023-01-24,CUST912,Male,51,Beauty,3,50,150,Tuesday,2023-01,342,False
913,2023-01-28,CUST913,Male,29,Electronics,3,30,90,Saturday,2023-01,338,True
914,2023-10-11,CUST914,Female,59,Electronics,1,500,500,Wednesday,2023-10,82,False
915,2023-05-30,CUST915,Female,26,Beauty,3,30,90,Tuesday,2023-05,216,True
916,2023-12-24,CUST916,Female,32,Electronics,1,50,50,Sunday,2023-12,8,False
917,2023-03-06,CUST917,Female,57,Electronics,4,50,200,Monday,2023-03,301,False
918,2023-11-23,CUST918,Female,42,Electronics,3,30,90,Thursday,2023-11,39,True
919,2023-09-09,CUST919,Female,22,Beauty,2,25,50,Saturday,2023-09,114,True
920,2023-02-22,CUST920,Female,28,Beauty,3,25,75,Wednesday,2023-02,313,True
921,2023-01-07,CUST921,Male,51,Electronics,3,25,75,Saturday,2023-01,359,True
922,2023-10-21,CUST922,Male,41,Electronics,1,50,50,Saturday,2023-10,72,False
923,2023-05-26,CUST923,Male,32,Beauty,3,300,900,Friday,2023-05,220,False
924,2023-08-29,CUST924,Male,55,Beauty,2,50,100,Tuesday,2023-08,125,False
925,2023-09-03,CUST925,Male,25,Electronics,1,300,300,Sunday,2023-09,120,False
926,2023-08-14,CUST926,Male,22,Electronics,1,30,30,Monday,2023-08,140,True
927,2023-06-24,CUST927,Male,43,Electronics,4,500,2000,Saturday,2023-06,191,False
928,2023-04-05,CUST928,Female,35,Clothing,4,300,1200,Wednesday,2023-04,271,False
929,2023-01-27,CUST929,Female,23,Beauty,3,25,75,Friday,2023-01,339,True
930,2023-05-10,CUST930,Male,54,Clothing,4,50,200,Wednesday,2023-05,236,False
931,2023-09-02,CUST931,Male,30,Beauty,4,30,120,Saturday,2023-09,121,True
932,2023-02-28,CUST932,Female,45,Beauty,4,25,100,Tuesday,2023-02,307,True
933,2023-02-03,CUST933,Male,22,Beauty,1,30,30,Friday,2023-02,332,True
934,2023-07-25,CUST934,Male,30,Beauty,1,500,500,Tuesday,2023-07,160,False
935,2023-09-09,CUST935,Female,34,Beauty,1,50,50,Saturday,2023-09,114,False
936,2023-02-07,CUST936,Male,57,Beauty,4,50,200,Tuesday,2023-02,328,False
937,2023-10-23,CUST937,Female,62,Beauty,1,500,500,Monday,2023-10,70,False
938,2023-11-19,CUST938,Male,49,Clothing,4,50,200,Sunday,2023-11,43,False
939,2023-12-18,CUST939,Female,46,Electronics,1,300,300,Monday,2023-12,14,False
940,2023-01-28,CUST940,Female,20,Electronics,1,30,30,Saturday,2023-01,338,True
941,2023-03-19,CUST941,Female,57,Clothing,2,25,50,Sunday,2023-03,288,True
942,2023-03-18,CUST942,Male,51,Clothing,3,500,1500,Saturday,2023-03,289,False
943,2023-10-16,CUST943,Female,57,Clothing,4,300,1200,Monday,2023-10,77,False
944,2023-06-05,CUST944,Male,44,Clothing,2,25,50,Monday,2023-06,210,True
945,2023-02-13,CUST945,Male,30,Beauty,1,25,25,Monday,2023-02,322,True
946,2023-05-08,CUST946,Male,62,Electronics,4,500,2000,Monday,2023-05,238,False
947,2023-03-02,CUST947,Male,50,Beauty,1,300,300,Thursday,2023-03,305,False
948,2023-10-13,CUST948,Female,23,Electronics,3,25,75,Friday,2023-10,80,True
949,2023-08-02,CUST949,Female,41,Electronics,2,25,50,Wednesday,2023-08,152,True
950,2023-11-07,CUST950,Male,36,Clothing,3,300,900,Tuesday,2023-11,55,False
951,2023-11-02,CUST951,Male,33,Beauty,2,50,100,Thursday,2023-11,60,False
952,2023-11-13,CUST952,Female,57,Clothing,1,25,25,Monday,2023-11,49,True
953,2023-04-26,CUST953,Male,45,Beauty,3,30,90,Wednesday,2023-04,250,True
954,2023-09-25,CUST954,Female,50,Electronics,3,300,900,Monday,2023-09,98,False
955,2023-07-14,CUST955,Male,58,Clothing,1,25,25,Friday,2023-07,171,True
956,2023-08-19,CUST956,Male,30,Clothing,3,500,1500,Saturday,2023-08,135,False
957,2023-08-15,CUST957,Female,60,Electronics,4,30,120,Tuesday,2023-08,139,True
958,2023-06-02,CUST958,Male,62,Electronics,2,25,50,Friday,2023-06,213,True
959,2023-10-29,CUST959,Female,42,Electronics,2,30,60,Sunday,2023-10,64,True
960,2023-08-08,CUST960,Male,59,Clothing,2,30,60,Tuesday,2023-08,146,True
961,2023-06-06,CUST961,Male,53,Beauty,4,50,200,Tuesday,2023-06,209,False
962,2023-10-19,CUST962,Male,44,Clothing,2,30,60,Thursday,2023-10,74,True
963,2023-11-14,CUST963,Female,55,Beauty,1,50,50,Tuesday,2023-11,48,False
964,2023-01-31,CUST964,Male,24,Clothing,3,300,900,Tuesday,2023-01,335,False
965,2023-11-09,CUST965,Male,22,Clothing,4,50,200,Thursday,2023-11,53,False
966,2023-02-20,CUST966,Male,60,Electronics,2,500,1000,Monday,2023-02,315,False
967,2023-04-17,CUST967,Male,62,Beauty,1,25,25,Monday,2023-04,259,True
968,2023-11-17,CUST968,Female,48,Clothing,3,300,900,Friday,2023-11,45,False
969,2023-04-19,CUST969,Female,40,Clothing,3,300,900,Wednesday,2023-04,257,False
970,2023-05-16,CUST970,Male,59,Electronics,4,500,2000,Tuesday,2023-05,230,False
971,2023-12-05,CUST971,Female,27,Electronics,4,50,200,Tuesday,2023-12,27,False
972,2023-02-11,CUST972,Male,49,Beauty,4,25,100,Saturday,2023-02,324,True
973,2023-03-22,CUST973,Male,60,Clothing,1,50,50,Wednesday,2023-03,285,False
974,2023-05-03,CUST974,Male,47,Beauty,1,30,30,Wednesday,2023-05,243,True
975,2023-03-30,CUST975,Female,56,Clothing,4,50,200,Thursday,2023-03,277,False
976,2023-10-10,CUST976,Female,48,Beauty,2,300,600,Tuesday,2023-10,83,False
977,2023-02-08,CUST977,Female,35,Electronics,3,25,75,Wednesday,2023-02,327,True
978,2023-03-22,CUST978,Female,53,Clothing,3,50,150,Wednesday,2023-03,285,False
979,2023-01-02,CUST979,Female,19,Beauty,1,25,25,Monday,2023-01,364,True
980,2023-07-29,CUST980,Female,31,Electronics,3,25,75,Saturday,2023-07,156,True
981,2023-08-19,CUST981,Female,30,Electronics,2,30,60,Saturday,2023-08,135,True
982,2023-12-19,CUST982,Female,46,Beauty,3,30,90,Tuesday,2023-12,13,True
983,2023-11-01,CUST983,Female,29,Clothing,1,300,300,Wednesday,2023-11,61,False
984,2023-08-29,CUST984,Male,56,Clothing,1,500,500,Tuesday,2023-08,125,False
985,2023-05-30,CUST985,Female,19,Electronics,2,25,50,Tuesday,2023-05,216,True
986,2023-01-17,CUST986,Female,49,Clothing,2,500,1000,Tuesday,2023-01,349,False
987,2023-04-29,CUST987,Female,30,Clothing,3,300,900,Saturday,2023-04,247,False
988,2023-05-28,CUST988,Female,63,Clothing,3,25,75,Sunday,2023-05,218,True
989,2023-12-28,CUST989,Female,44,Electronics,1,25,25,Thursday,2023-12,4,True
990,2023-05-25,CUST990,Female,58,Beauty,2,500,1000,Thursday,2023-05,221,False
991,2023-12-26,CUST991,Female,34,Clothing,2,50,100,Tuesday,2023-12,6,False
992,2023-08-21,CUST992,Female,57,Electronics,2,30,60,Monday,2023-08,133,True
993,2023-02-06,CUST993,Female,48,Electronics,3,50,150,Monday,2023-02,329,False
994,2023-12-18,CUST994,Female,51,Beauty,2,500,1000,Monday,2023-12,14,False
995,2023-04-30,CUST995,Female,41,Clothing,1,30,30,Sunday,2023-04,246,True
996,2023-05-16,CUST996,Male,62,Clothing,1,50,50,Tuesday,2023-05,230,False
997,2023-11-17,CUST997,Male,52,Beauty,3,30,90,Friday,2023-11,45,True
998,2023-10-29,CUST998,Female,23,Beauty,4,25,100,Sunday,2023-10,64,True
999,2023-12-05,CUST999,Female,36,Electronics,3,50,150,Tuesday,2023-12,27,False
1000,2023-04-12,CUST1000,Male,47,Electronics,4,30,120,Wednesday,2023-04,264,True
